removed_group,model,wape_score,full_minus_without_group
none,HistoricalMedian,0.8793398179039978,0.0
none,LightGBM_MAE,0.8067675195878217,0.0
none,CatBoost_MAE,0.8261359282278911,0.0
none,SeasonalMedian_MAE,0.8919939588290577,0.0
none,ExternalBlend_2pct,0.8920614645158826,0.0
weather,HistoricalMedian,0.8793398179039978,0.0
weather,LightGBM_MAE,0.8093771122478445,-0.002609592660022808
weather,CatBoost_MAE,0.8170251694286894,0.009110758799201646
weather,SeasonalMedian_MAE,0.8919939588290577,0.0
weather,ExternalBlend_2pct,0.8920504879814396,1.0976534443041253e-05
calendar,HistoricalMedian,0.8793398179039978,0.0
calendar,LightGBM_MAE,0.8181842130620602,-0.01141669347423857
calendar,CatBoost_MAE,0.8294753820245606,-0.003339453796669556
calendar,SeasonalMedian_MAE,0.8919939588290577,0.0
calendar,ExternalBlend_2pct,0.8920526832883282,8.781227554433002e-06
events,HistoricalMedian,0.8793398179039978,0.0
events,LightGBM_MAE,0.8103391270879623,-0.0035716075001406278
events,CatBoost_MAE,0.8292171982536961,-0.0030812700258050496
events,SeasonalMedian_MAE,0.8919939588290577,0.0
events,ExternalBlend_2pct,0.8920706377625244,-9.173246641736021e-06
traffic,HistoricalMedian,0.8793398179039978,0.0
traffic,LightGBM_MAE,0.8188585642959522,-0.012091044708130494
traffic,CatBoost_MAE,0.8391819314325687,-0.013046003204677636
traffic,SeasonalMedian_MAE,0.8919939588290577,0.0
traffic,ExternalBlend_2pct,0.8921081147872657,-4.66502713830641e-05
crashes,HistoricalMedian,0.8793398179039978,0.0
crashes,LightGBM_MAE,0.8172933104843702,-0.010525790896548481
crashes,CatBoost_MAE,0.8406576480846222,-0.014521719856731119
crashes,SeasonalMedian_MAE,0.8919939588290577,0.0
crashes,ExternalBlend_2pct,0.892064130245676,-2.6657297933496693e-06
