feature;splits;gain
dayofyear;703;91085.05042648315
is_summer;120;73748.51396179199
hour_share;244;67276.97254180908
route;390;48926.35418319702
hour;446;48290.64544868469
traffic_proxy;221;44494.0400352478
route_mean;379;44104.45867538452
dayofweek;210;26544.870182037354
horizon_day;245;25598.689849853516
dayofyear_cos;79;20369.724336624146
route_trend;176;18606.362396240234
hour_cos;139;16802.63514328003
weekend_mean;168;14973.780675888062
dow_mean;109;13553.611738204956
dow_median;95;13325.765495300293
calendar_exception;69;11483.585693359375
weekend_median;88;11034.0873336792
temperature_2m_mean;55;9637.172908782959
dayofyear_sin;89;8164.847362518311
month;60;7541.726661682129
recent_median;85;6940.423236846924
wind_speed_10m_max;49;5662.361999511719
known_events;54;5540.323638916016
crash_risk_proxy;84;5523.575466156006
seasonal_median;32;3137.4014015197754
daytype_median;33;2924.013698577881
hour_sin;26;2212.5281829833984
raw_seasonal_median;13;1371.9037055969238
is_day_off;18;1285.3014068603516
precipitation_sum;11;725.524097442627
is_holiday;9;368.4229049682617
dayofweek_cos;1;82.26909637451172
is_weekend;0;0.0
closed_mask;0;0.0
dayofweek_sin;0;0.0
origin_month;0;0.0
baseline;0;0.0
snowfall_sum;0;0.0
is_pre_holiday;0;0.0
has_short_event;0;0.0
school_break_proxy;0;0.0
dec31;0;0.0
pre_new_year;0;0.0
osm_road_count;0;0.0
dec31_afternoon;0;0.0
