route;horizon;model_mae;baseline_mae;method;eval_date_from;eval_date_to
;day;104.2432452944748;133.06438176363443;model;2025-09-01;2025-10-31
1;day;64.20218579234972;99.83175999908161;model;2025-09-01;2025-10-31
7;day;151.68852459016392;155.86348211415714;model;2025-09-01;2025-10-31
11;day;119.86475409836065;150.36924507507922;model;2025-09-01;2025-10-31
12;day;119.58265027322405;132.9698219451715;model;2025-09-01;2025-10-31
17;day;129.73907103825135;226.39030800844932;model;2025-09-01;2025-10-31
25;day;52.53415300546448;64.32898241263719;model;2025-09-01;2025-10-31
26;day;57.83674863387978;98.93699430591907;model;2025-09-01;2025-10-31
28;day;55.529371584699454;67.76166712586674;model;2025-09-01;2025-10-31
50;day;187.21174863387978;201.127174886348;model;2025-09-01;2025-10-31
;month;1661.1566484517305;2499.1674182241204;model;2025-09-01;2025-10-31
1;month;800.3934426229508;1995.2766910042706;model;2025-09-01;2025-10-31
7;month;2841.8688524590166;3141.785259677641;model;2025-09-01;2025-10-31
11;month;1621.704918032787;2208.9538228406122;model;2025-09-01;2025-10-31
12;month;1509.4918032786886;2017.1218487394951;model;2025-09-01;2025-10-31
17;month;1894.3934426229507;4418.955544840887;model;2025-09-01;2025-10-31
25;month;968.7868852459017;1309.2022317123567;model;2025-09-01;2025-10-31
26;month;685.327868852459;2091.2164209946263;model;2025-09-01;2025-10-31
28;month;794.7377049180328;1241.6493731918995;model;2025-09-01;2025-10-31
50;month;3833.7049180327867;4068.3455710152916;model;2025-09-01;2025-10-31
