grouping;key;factor;training_rows
route;(1,);1.0064365125804564;540
route;(7,);0.9917888563049853;587
route;(11,);1.0103296703296705;600
route;(12,);0.9894080996884735;587
route;(17,);0.9928630249794126;600
route;(25,);1.0165562913907285;506
route;(26,);1.0032774945375091;562
route;(28,);0.9830028328611897;532
route;(50,);0.9621153846153846;418
route,weekend;(1, False);1.01076095311299;404
route,weekend;(1, True);0.967706013363029;136
route,weekend;(7, False);0.9922802850356294;435
route,weekend;(7, True);0.9879518072289157;152
route,weekend;(11, False);1.0071428571428571;440
route,weekend;(11, True);1.0274893097128894;160
route,weekend;(12, False);0.985519591141397;427
route,weekend;(12, True);1.0070093457943925;160
route,weekend;(17, False);0.9916425228437709;440
route,weekend;(17, True);0.999224405377456;160
route,weekend;(25, False);1.0123287671232877;374
route,weekend;(25, True);1.034623217922607;132
route,weekend;(26, False);1.0004566210045662;418
route,weekend;(26, True);1.011764705882353;144
route,weekend;(28, False);0.9834951456310679;396
route,weekend;(28, True);0.9794816414686824;136
route,weekend;(50, False);0.9621153846153846;418
