period;mode;base;trees;weight;score_clean;score_original;mae_clean
development;climatology;baseline;150;0.0;0.8137486475309212;0.8133110859252488;148.9772998805257
development;climatology;baseline;150;0.02;0.8147734900190349;0.814335377344275;148.15755675029868
development;climatology;baseline;150;0.05;0.8162804136338219;0.8158414906696456;146.95221027479093
development;climatology;baseline;150;0.1;0.8187440311653685;0.8183037834869258;144.98163082437276
development;climatology;baseline;150;0.2;0.8234440420878109;0.8230012671617564;141.22222222222223
development;climatology;baseline;150;0.4;0.8317133577734648;0.8312661363453361;134.607825567503
development;climatology;baseline;150;0.7;0.840425079047675;0.8399731732311169;127.63956093189964
development;climatology;baseline;150;1.0;0.8443006789651499;0.8438466891958529;124.53957586618877
development;climatology;baseline;500;0.0;0.8137486475309212;0.8133110859252488;148.9772998805257
development;climatology;baseline;500;0.02;0.8146593178234653;0.8142212665403517;148.2488799283154
development;climatology;baseline;500;0.05;0.816013327246639;0.8155745478977534;147.16584528076464
development;climatology;baseline;500;0.1;0.818219100457529;0.8177791350401062;145.4015083632019
development;climatology;baseline;500;0.2;0.8224140651182938;0.821971844022194;142.04607228195937
development;climatology;baseline;500;0.4;0.829819480969278;0.8293732778995551;136.1226851851852
development;climatology;baseline;500;0.7;0.8376112898844181;0.8371608970732678;129.8902329749104
development;climatology;baseline;500;1.0;0.8411567893247597;0.8407044900595307;127.05428614097968
development;climatology;seasonal_median;150;0.0;0.8137486475309212;0.8133110859252488;148.9772998805257
development;climatology;seasonal_median;150;0.02;0.815268360672113;0.8148299818999551;147.76172341696534
development;climatology;seasonal_median;150;0.05;0.8174590105014148;0.8170194537927287;146.00948327359617
development;climatology;seasonal_median;150;0.1;0.8209396287676591;0.820498200492216;143.2254330943847
development;climatology;seasonal_median;150;0.2;0.8271052073910393;0.8266604638160986;138.29375746714456
development;climatology;seasonal_median;150;0.4;0.8357977910527461;0.8353483733798808;131.34080047789726
development;climatology;seasonal_median;150;0.7;0.8382146381264184;0.8377639208882766;129.40763142174433
development;climatology;seasonal_median;150;1.0;0.8269136445575898;0.8264690039880933;138.44698327359617
development;climatology;seasonal_median;500;0.0;0.8137486475309212;0.8133110859252488;148.9772998805257
development;climatology;seasonal_median;500;0.02;0.8153073827307786;0.8148689829760303;147.73051075268816
development;climatology;seasonal_median;500;0.05;0.8175508710414315;0.8171112649383219;145.9360065710872
development;climatology;seasonal_median;500;0.1;0.8211099068418365;0.8206683870059984;143.08923237753882
development;climatology;seasonal_median;500;0.2;0.8274165436724985;0.826971632688612;138.04472819593786
development;climatology;seasonal_median;500;0.4;0.8361595386061657;0.8357099264176588;131.0514486260454
development;climatology;seasonal_median;500;0.7;0.8379416704241736;0.83749109996377;129.6259707287933
development;climatology;seasonal_median;500;1.0;0.8255269611618491;0.8250830662272794;139.55615292712068
development;daily;baseline;150;0.0;0.8137486475309212;0.8133110859252488;148.9772998805257
development;daily;baseline;150;0.02;0.8142370767436933;0.8137992525042563;148.58661887694146
development;daily;baseline;150;0.05;0.8149584247037638;0.814520212587588;148.00963261648747
development;daily;baseline;150;0.1;0.8161210580019026;0.8156822207250038;147.079674432497
development;daily;baseline;150;0.2;0.8182662443322327;0.8178262535650296;145.36379928315412
development;daily;baseline;150;0.4;0.8216953310760287;0.8212534964511353;142.6209677419355
development;daily;baseline;150;0.7;0.8245863241687508;0.824142935025047;140.30854241338113
development;daily;baseline;150;1.0;0.8247429725286575;0.8242994991534061;140.18324372759858
development;daily;baseline;500;0.0;0.8137486475309212;0.8133110859252488;148.9772998805257
development;daily;baseline;500;0.02;0.8140207750453001;0.8135830671136675;148.75963261648747
development;daily;baseline;500;0.05;0.8144221981368367;0.8139842743555888;148.43854540023895
development;daily;baseline;500;0.1;0.8150406697604251;0.814602413420177;147.94384707287932
development;daily;baseline;500;0.2;0.816047681594938;0.8156088837733411;147.13836618876942
development;daily;baseline;500;0.4;0.8170348089832886;0.8165954803724286;146.34879032258064
development;daily;baseline;500;0.7;0.8159239872702203;0.8154852559604234;147.23730585424133
development;daily;baseline;500;1.0;0.8118301252159983;0.8113935952208939;150.51187275985663
development;daily;seasonal_median;150;0.0;0.8137486475309212;0.8133110859252488;148.9772998805257
development;daily;seasonal_median;150;0.02;0.8146961927353623;0.8142581216242026;148.21938470728793
development;daily;seasonal_median;150;0.05;0.8160815691722002;0.81564275312888;147.11126045400238
development;daily;seasonal_median;150;0.1;0.8182774468371128;0.8178374500461995;145.3548387096774
development;daily;seasonal_median;150;0.2;0.8222356652280783;0.8217935400595634;142.18876941457586
development;daily;seasonal_median;150;0.4;0.8283934954522498;0.8279480591506367;137.26329151732378
development;daily;seasonal_median;150;0.7;0.8323645033696201;0.8319169318133364;134.08699223416966
development;daily;seasonal_median;150;1.0;0.8296762756152276;0.8292301495485999;136.2372311827957
development;daily;seasonal_median;500;0.0;0.8137486475309212;0.8133110859252488;148.9772998805257
development;daily;seasonal_median;500;0.02;0.8146015315691255;0.814163511358317;148.29510155316606
development;daily;seasonal_median;500;0.05;0.8158359542527043;0.81539727027923;147.3077210274791
development;daily;seasonal_median;500;0.1;0.8177910714169021;0.8173513361554064;145.7438769414576
development;daily;seasonal_median;500;0.2;0.821284945980588;0.8208433320242781;142.94922341696534
development;daily;seasonal_median;500;0.4;0.8266728840568751;0.8262283729469502;138.63956093189964
development;daily;seasonal_median;500;0.7;0.8298300299947068;0.8293838212526567;136.11424731182797
development;daily;seasonal_median;500;1.0;0.8270954985534765;0.8266507601990847;138.30152329749103
development;hourly;baseline;150;0.0;0.8137486475309212;0.8133110859252488;148.9772998805257
development;hourly;baseline;150;0.02;0.8142502396869273;0.813812408369631;148.57609020310633
development;hourly;baseline;150;0.05;0.8149949261988314;0.8145566944553999;147.98043608124254
development;hourly;baseline;150;0.1;0.8161842588002677;0.815745387539604;147.02912186379928
development;hourly;baseline;150;0.2;0.818385644363413;0.8179455893934987;145.2682945041816
development;hourly;baseline;150;0.4;0.8218806391775868;0.8214387049104874;142.4727449223417
development;hourly;baseline;150;0.7;0.8246568065952881;0.8242133795524076;140.25216547192355
development;hourly;baseline;150;1.0;0.8243855192687751;0.8239422381000766;140.46916069295102
development;hourly;baseline;500;0.0;0.8137486475309212;0.8133110859252488;148.9772998805257
development;hourly;baseline;500;0.02;0.8141665009629486;0.813728714672886;148.6430704898447
development;hourly;baseline;500;0.05;0.8147873064417204;0.8143491863377178;148.1465053763441
development;hourly;baseline;500;0.1;0.8157425066911628;0.8153038729654711;147.38246714456392
development;hourly;baseline;500;0.2;0.8174901908066644;0.8170506173319849;145.9845430107527
development;hourly;baseline;500;0.4;0.8199449396885143;0.8195040462683387;144.02105734767025
development;hourly;baseline;500;0.7;0.8209923738948028;0.8205509172577242;143.18324372759858
development;hourly;baseline;500;1.0;0.8188199281359312;0.8183796396468518;144.9209229390681
development;hourly;seasonal_median;150;0.0;0.8137486475309212;0.8133110859252488;148.9772998805257
development;hourly;seasonal_median;150;0.02;0.8146596912402947;0.8142216397563907;148.24858124253285
development;hourly;seasonal_median;150;0.05;0.8160005377202342;0.8155617652484177;147.17607526881721
development;hourly;seasonal_median;150;0.1;0.818107635533972;0.8176677300524657;145.4906660692951
development;hourly;seasonal_median;150;0.2;0.8219396390366219;0.8214976730446488;142.42555256869773
development;hourly;seasonal_median;150;0.4;0.8278690315154469;0.8274238772238661;137.68279569892474
development;hourly;seasonal_median;150;0.7;0.8319975279805898;0.8315501537510125;134.3805256869773
development;hourly;seasonal_median;150;1.0;0.8302255717711814;0.8297791503419638;135.79786439665472
development;hourly;seasonal_median;500;0.0;0.8137486475309212;0.8133110859252488;148.9772998805257
development;hourly;seasonal_median;500;0.02;0.8146711738077967;0.8142331161495898;148.23939665471923
development;hourly;seasonal_median;500;0.05;0.816011366808285;0.8155725885135486;147.16741338112305
development;hourly;seasonal_median;500;0.1;0.818140029443917;0.8177001065438487;145.4647550776583
development;hourly;seasonal_median;500;0.2;0.8219573763360154;0.8215154008065012;142.4113649940263
development;hourly;seasonal_median;500;0.4;0.8278466265056866;0.8274014842615263;137.70071684587813
development;hourly;seasonal_median;500;0.7;0.8315870495309418;0.8311398960201455;134.7088560334528
development;hourly;seasonal_median;500;1.0;0.8293856639677966;0.8289396941662508;136.46968339307048
development;hourly_other;baseline;150;0.0;0.8137486475309212;0.8133110859252488;148.9772998805257
development;hourly_other;baseline;150;0.02;0.8140934979728134;0.8136557509372622;148.70146356033453
development;hourly_other;baseline;150;0.05;0.8145995711307715;0.8141615519741122;148.2966696535245
development;hourly_other;baseline;150;0.1;0.8153899078500619;0.8149514637206485;147.66450119474314
development;hourly_other;baseline;150;0.2;0.8167568001538478;0.8163176210313956;146.57116188769413
development;hourly_other;baseline;150;0.4;0.8184429638467161;0.8180028780554847;145.22244623655914
development;hourly_other;baseline;150;0.7;0.8183638928331042;0.8179238495592271;145.28569295101553
development;hourly_other;baseline;150;1.0;0.8152315791144233;0.814793220120114;147.7911439665472
development;hourly_other;baseline;500;0.0;0.8137486475309212;0.8133110859252488;148.9772998805257
development;hourly_other;baseline;500;0.02;0.8140162006891407;0.8135784952171898;148.76329151732378
development;hourly_other;baseline;500;0.05;0.8144024070448819;0.8139644939055221;148.45437574671445
development;hourly_other;baseline;500;0.1;0.8149677601244971;0.8145295429885628;148.00216547192355
development;hourly_other;baseline;500;0.2;0.8158664810785025;0.815427780690418;147.28330346475508
development;hourly_other;baseline;500;0.4;0.8164914874966043;0.8160524510356885;146.78337813620072
development;hourly_other;baseline;500;0.7;0.8144533784420863;0.8140154378948451;148.41360513739545
development;hourly_other;baseline;500;1.0;0.809100914964586;0.8086658524958776;152.69489247311827
development;hourly_other;seasonal_median;150;0.0;0.8137486475309212;0.8133110859252488;148.9772998805257
development;hourly_other;seasonal_median;150;0.02;0.8147071151776204;0.8142690381933433;148.21064814814815
development;hourly_other;seasonal_median;150;0.05;0.8161176972504385;0.815678861780653;147.08236260454004
development;hourly_other;seasonal_median;150;0.1;0.8183528770366387;0.8179128396860768;145.29450418160096
development;hourly_other;seasonal_median;150;0.2;0.8224550476153134;0.8220128044824739;142.01329151732378
development;hourly_other;seasonal_median;150;0.4;0.8289125448450274;0.8284668294448421;136.8481182795699
development;hourly_other;seasonal_median;150;0.7;0.8337757389218896;0.8333274085287142;132.95818399044205
development;hourly_other;seasonal_median;150;1.0;0.8322181239725203;0.8317706311260498;134.2040770609319
development;hourly_other;seasonal_median;500;0.0;0.8137486475309212;0.8133110859252488;148.9772998805257
development;hourly_other;seasonal_median;500;0.02;0.8146278574555937;0.8141898230890663;148.2740442054958
development;hourly_other;seasonal_median;500;0.05;0.8159263211254036;0.8154875885606672;147.23543906810036
development;hourly_other;seasonal_median;500;0.1;0.8179613494910796;0.8175215226691889;145.6076762246117
development;hourly_other;seasonal_median;500;0.2;0.8216567757883997;0.8212149618951089;142.65180704898447
development;hourly_other;seasonal_median;500;0.4;0.8274164503182911;0.8269715393846022;138.0448028673835
development;hourly_other;seasonal_median;500;0.7;0.8314137841221297;0.830966723778051;134.84744623655914
development;hourly_other;seasonal_median;500;1.0;0.8295831081163081;0.8291370321468702;136.3117532855436
validation;climatology;baseline;150;0.0;0.892167742709699;0.8918294676200467;104.34297207043109
validation;climatology;baseline;150;0.02;0.8922708044027893;0.8919324902361766;104.2432452944748
validation;climatology;baseline;150;0.05;0.8922939423019229;0.8919556193623245;104.22085610200364
validation;climatology;baseline;150;0.1;0.8919866396280053;0.8916484332055534;104.51821493624772
validation;climatology;baseline;150;0.2;0.8900769393971362;0.8897394570582684;106.36612021857924
validation;climatology;baseline;150;0.4;0.8817014905120888;0.8813671838156332;114.47055251973285
validation;climatology;baseline;150;0.7;0.8594418903428291;0.8591160236155434;136.00986642380084
validation;climatology;baseline;150;1.0;0.8291155557664547;0.8288011875983037;165.35488767455982
validation;climatology;baseline;500;0.0;0.892167742709699;0.8918294676200467;104.34297207043109
validation;climatology;baseline;500;0.02;0.8922862558133972;0.8919479357882143;104.22829386763813
validation;climatology;baseline;500;0.05;0.8923623363630909;0.8920239874911413;104.15467516697025
validation;climatology;baseline;500;0.1;0.8921587228507146;0.8918204511810398;104.35170006071645
validation;climatology;baseline;500;0.2;0.8905205595920513;0.8901829090497685;105.93685488767456
validation;climatology;baseline;500;0.4;0.8829590941551706;0.8826243106246345;113.25364298724955
validation;climatology;baseline;500;0.7;0.8625394667851536;0.8622124255781164;133.01252276867032
validation;climatology;baseline;500;1.0;0.834323700777551;0.8340073578846525;160.315270188221
validation;climatology;seasonal_median;150;0.0;0.892167742709699;0.8918294676200467;104.34297207043109
validation;climatology;seasonal_median;150;0.02;0.8922434310916108;0.8919051273038864;104.2697328476017
validation;climatology;seasonal_median;150;0.05;0.892353002769881;0.8920146574368647;104.16370673952642
validation;climatology;seasonal_median;150;0.1;0.8924857907808413;0.8921473950998084;104.03521554341226
validation;climatology;seasonal_median;150;0.2;0.892617010120674;0.8922785646864031;103.9082422586521
validation;climatology;seasonal_median;150;0.4;0.8924119063707264;0.89207353870377;104.10670916818458
validation;climatology;seasonal_median;150;0.7;0.8907862924810848;0.8904485411832908;105.67972070431087
validation;climatology;seasonal_median;150;1.0;0.8877389919484032;0.8874023960677035;108.62841530054645
validation;climatology;seasonal_median;500;0.0;0.892167742709699;0.8918294676200467;104.34297207043109
validation;climatology;seasonal_median;500;0.02;0.8922914324281186;0.8919531104401661;104.22328476017
validation;climatology;seasonal_median;500;0.05;0.8924500250791296;0.892111642959051;104.06982392228294
validation;climatology;seasonal_median;500;0.1;0.8926403833204768;0.8923019290240034;103.88562537947784
validation;climatology;seasonal_median;500;0.2;0.8927992897057133;0.8924607751581581;103.73186095931997
validation;climatology;seasonal_median;500;0.4;0.8921041330954705;0.8917658821240942;104.40452337583486
validation;climatology;seasonal_median;500;0.7;0.8887533731331343;0.888416392638791;107.64685792349727
validation;climatology;seasonal_median;500;1.0;0.8828456792326375;0.8825109387046012;113.36338797814207
validation;daily;baseline;150;0.0;0.892167742709699;0.8918294676200467;104.34297207043109
validation;daily;baseline;150;0.02;0.8922609217746847;0.8919226113551778;104.25280813600486
validation;daily;baseline;150;0.05;0.8922782555906459;0.8919399385988344;104.23603521554341
validation;daily;baseline;150;0.1;0.8919585604148194;0.8916203646389061;104.54538554948391
validation;daily;baseline;150;0.2;0.8900248595156963;0.8896873969234812;106.41651487553126
validation;daily;baseline;150;0.4;0.8816116840900277;0.8812774114446522;114.55745294474802
validation;daily;baseline;150;0.7;0.859578050996714;0.8592521326426376;135.87811171827565
validation;daily;baseline;150;1.0;0.8296482764814236;0.8293337063264276;164.83940497874923
validation;daily;baseline;500;0.0;0.892167742709699;0.8918294676200467;104.34297207043109
validation;daily;baseline;500;0.02;0.8922672748927519;0.8919289620643913;104.24666059502125
validation;daily;baseline;500;0.05;0.8922999032522082;0.8919615780524508;104.21508803885853
validation;daily;baseline;500;0.1;0.8920242877350703;0.8916860670379296;104.48178506375228
validation;daily;baseline;500;0.2;0.8902152961905998;0.889877761392251;106.23224043715847
validation;daily;baseline;500;0.4;0.8822123282648262;0.8818778278786883;113.97624468731026
validation;daily;baseline;500;0.7;0.8611521340398105;0.8608256188550518;134.3549635701275
validation;daily;baseline;500;1.0;0.8325547887803935;0.8322391165896911;162.02694292653308
validation;daily;seasonal_median;150;0.0;0.892167742709699;0.8918294676200467;104.34297207043109
validation;daily;seasonal_median;150;0.02;0.8922470390352045;0.8919087338794891;104.26624165148755
validation;daily;seasonal_median;150;0.05;0.8923606892584068;0.8920223410109749;104.15626897389193
validation;daily;seasonal_median;150;0.1;0.892507909043742;0.8921695049763295;104.0138129933212
validation;daily;seasonal_median;150;0.2;0.8926964633132922;0.8923579877534805;103.83136004857316
validation;daily;seasonal_median;150;0.4;0.8926204611971549;0.8922820144543709;103.90490285367335
validation;daily;seasonal_median;150;0.7;0.8914291339092186;0.8910911388711151;105.05768063145112
validation;daily;seasonal_median;150;1.0;0.8890100861631833;0.8886730083333065;107.39845173041894
validation;daily;seasonal_median;500;0.0;0.892167742709699;0.8918294676200467;104.34297207043109
validation;daily;seasonal_median;500;0.02;0.8922867264147355;0.891948406211119;104.22783849423193
validation;daily;seasonal_median;500;0.05;0.8924450837650774;0.8921067035185516;104.07460534304796
validation;daily;seasonal_median;500;0.1;0.8926447755996343;0.8923063196377806;103.8813752276867
validation;daily;seasonal_median;500;0.2;0.8928401535885901;0.8925016235470499;103.69231936854888
validation;daily;seasonal_median;500;0.4;0.8923224921164472;0.8919841583518765;104.19323011536126
validation;daily;seasonal_median;500;0.7;0.8894755108867737;0.8891382565860578;106.94808743169399
validation;daily;seasonal_median;500;1.0;0.8843706628694368;0.8840353441272915;111.8877504553734
validation;hourly;baseline;150;0.0;0.892167742709699;0.8918294676200467;104.34297207043109
validation;hourly;baseline;150;0.02;0.8922694710323307;0.8919311573712799;104.24453551912568
validation;hourly;baseline;150;0.05;0.8922928442321335;0.8919545217088802;104.22191863995143
validation;hourly;baseline;150;0.1;0.8919953457527641;0.8916571360292904;104.50979052823315
validation;hourly;baseline;150;0.2;0.8900738804884372;0.8897363993093879;106.3690801457195
validation;hourly;baseline;150;0.4;0.8816421163099051;0.8813078321258231;114.52800546448087
validation;hourly;baseline;150;0.7;0.8593727903796538;0.8590469498523695;136.07673041894353
validation;hourly;baseline;150;1.0;0.8290067684237483;0.8286924415034999;165.4601548269581
validation;hourly;baseline;500;0.0;0.892167742709699;0.8918294676200467;104.34297207043109
validation;hourly;baseline;500;0.02;0.8922682160954285;0.8919299029102007;104.24574984820886
validation;hourly;baseline;500;0.05;0.8922911971274494;0.8919528752287137;104.2235124468731
validation;hourly;baseline;500;0.1;0.891990639739381;0.8916524318002433;104.51434426229508
validation;hourly;baseline;500;0.2;0.8900638409932198;0.8897263636207542;106.37879477838494
validation;hourly;baseline;500;0.4;0.8816149782993958;0.8812807044049852;114.55426533090467
validation;hourly;baseline;500;0.7;0.8593167103868382;0.8589908911228924;136.1309957498482
validation;hourly;baseline;500;1.0;0.8289219817492958;0.8286076869768358;165.54219793564056
validation;hourly;seasonal_median;150;0.0;0.892167742709699;0.8918294676200467;104.34297207043109
validation;hourly;seasonal_median;150;0.02;0.892164291633218;0.8918260178520788;104.34631147540983
validation;hourly;seasonal_median;150;0.05;0.8921521344319783;0.891813865260374;104.35807528840316
validation;hourly;seasonal_median;150;0.1;0.8920908778244414;0.8917526318789452;104.41734972677595
validation;hourly;seasonal_median;150;0.2;0.8918311843192497;0.8914930368393665;104.66863995142684
validation;hourly;seasonal_median;150;0.4;0.8907956260742946;0.8904578712375674;105.6706891317547
validation;hourly;seasonal_median;150;0.7;0.8880328040506226;0.8876960967678732;108.34411050394657
validation;hourly;seasonal_median;150;1.0;0.8839880639813893;0.8836528903057679;112.25796903460838
validation;hourly;seasonal_median;500;0.0;0.892167742709699;0.8918294676200467;104.34297207043109
validation;hourly;seasonal_median;500;0.02;0.892206645753666;0.8918683559135021;104.30532786885246
validation;hourly;seasonal_median;500;0.05;0.8922410780849193;0.8919027751893629;104.27200971463266
validation;hourly;seasonal_median;500;0.1;0.8922377838755511;0.8918994822290299;104.27519732847601
validation;hourly;seasonal_median;500;0.2;0.8919769138670135;0.8916387111321895;104.52762598664238
validation;hourly;seasonal_median;500;0.4;0.8904993040982709;0.8901616616152394;105.95742258652095
validation;hourly;seasonal_median;500;0.7;0.8860292972863166;0.8856933496549173;110.2827868852459
validation;hourly;seasonal_median;500;1.0;0.8792864428774292;0.8789530518725145;116.80745294474802
validation;hourly_other;baseline;150;0.0;0.892167742709699;0.8918294676200467;104.34297207043109
validation;hourly_other;baseline;150;0.02;0.8922477449372119;0.8919094395138462;104.26555859137827
validation;hourly_other;baseline;150;0.05;0.892210488997929;0.8918721977005571;104.30160898603522
validation;hourly_other;baseline;150;0.1;0.8916903176519817;0.8913522235832254;104.80494839101397
validation;hourly_other;baseline;150;0.2;0.8890525187171878;0.8887154247985473;107.35739222829386
validation;hourly_other;baseline;150;0.4;0.8781284498509566;0.8777954979116751;117.9279751062538
validation;hourly_other;baseline;150;0.7;0.8501153561530537;0.8497930256825033;145.03460837887067
validation;hourly_other;baseline;150;1.0;0.8135813193230086;0.8132728411293255;180.38646023072252
validation;hourly_other;baseline;500;0.0;0.892167742709699;0.8918294676200467;104.34297207043109
validation;hourly_other;baseline;500;0.02;0.8922712750041275;0.8919329606590813;104.2427899210686
validation;hourly_other;baseline;500;0.05;0.892274020178601;0.8919357047926921;104.24013357619916
validation;hourly_other;baseline;500;0.1;0.8917983206591242;0.8914601856398547;104.70044019429265
validation;hourly_other;baseline;500;0.2;0.8891684435135253;0.8888313056407391;107.24521857923497
validation;hourly_other;baseline;500;0.4;0.8780031914614093;0.8776702870152067;118.04918032786885
validation;hourly_other;baseline;500;0.7;0.8491998796829245;0.8488778963252209;145.92046144505161
validation;hourly_other;baseline;500;1.0;0.8117923283354164;0.8114845284570967;182.11756223436552
validation;hourly_other;seasonal_median;150;0.0;0.892167742709699;0.8918294676200467;104.34297207043109
validation;hourly_other;seasonal_median;150;0.02;0.8921968415591179;0.8918585554363208;104.31481481481481
validation;hourly_other;seasonal_median;150;0.05;0.8922202931924771;0.8918819981777385;104.29212204007285
validation;hourly_other;seasonal_median;150;0.1;0.8921608405567371;0.891822568084111;104.34965088038858
validation;hourly_other;seasonal_median;150;0.2;0.8917404366945119;0.8914023236225762;104.75645112325441
validation;hourly_other;seasonal_median;150;0.4;0.8896173187567183;0.8892800106880084;106.81086824529447
validation;hourly_other;seasonal_median;150;0.7;0.8837192721836569;0.883384200423365;112.51806314511232
validation;hourly_other;seasonal_median;150;1.0;0.8748140046252268;0.8744823093938514;121.13517000607165
validation;hourly_other;seasonal_median;500;0.0;0.892167742709699;0.8918294676200467;104.34297207043109
validation;hourly_other;seasonal_median;500;0.02;0.8922437448258363;0.8919054409191561;104.2694292653309
validation;hourly_other;seasonal_median;500;0.05;0.8923213156131014;0.8919829822946147;104.19436854887674
validation;hourly_other;seasonal_median;500;0.1;0.8923381788277243;0.8919998391153666;104.17805100182149
validation;hourly_other;seasonal_median;500;0.2;0.8918889114167492;0.8915507420490101;104.61278081360048
validation;hourly_other;seasonal_median;500;0.4;0.8891875813012833;0.8888504361721971;107.22670006071645
validation;hourly_other;seasonal_median;500;0.7;0.881176534719202;0.8808424270654368;114.97852155434123
validation;hourly_other;seasonal_median;500;1.0;0.8690333730860742;0.8687038696439314;126.72874924104433
