fold;key;mode;family;target;weight;score;mae
development;climatology_catboost_direct;climatology;catboost;direct;0.0;0.8133110859252488;149.40763142174433
development;climatology_catboost_direct;climatology;catboost;direct;0.1;0.8127062893340548;149.89165173237754
development;climatology_catboost_direct;climatology;catboost;direct;0.25;0.8107970093825579;151.41965352449225
development;climatology_catboost_direct;climatology;catboost;direct;0.5;0.8051710575067135;155.92211768219832
development;climatology_catboost_direct;climatology;catboost;direct;0.75;0.7968850083129208;162.55346475507767
development;climatology_catboost_direct;climatology;catboost;direct;1.0;0.7864160185070369;170.93182497013143
development;climatology_catboost_residual;climatology;catboost;residual;0.0;0.8133110859252488;149.40763142174433
development;climatology_catboost_residual;climatology;catboost;residual;0.1;0.816310063406606;147.00754181600956
development;climatology_catboost_residual;climatology;catboost;residual;0.25;0.819772108688348;144.2368578255675
development;climatology_catboost_residual;climatology;catboost;residual;0.5;0.8222398131381936;142.26194743130227
development;climatology_catboost_residual;climatology;catboost;residual;0.75;0.8203705606068792;143.75791517323776
development;climatology_catboost_residual;climatology;catboost;residual;1.0;0.8144772927431034;148.47431302270013
development;climatology_catboost_normalized;climatology;catboost;normalized;0.0;0.8133110859252488;149.40763142174433
development;climatology_catboost_normalized;climatology;catboost;normalized;0.1;0.8166374671768157;146.74551971326164
development;climatology_catboost_normalized;climatology;catboost;normalized;0.25;0.82066036286116;143.52598566308242
development;climatology_catboost_normalized;climatology;catboost;normalized;0.5;0.8243444716861051;140.57758363201913
development;climatology_catboost_normalized;climatology;catboost;normalized;0.75;0.8240307836053286;140.82862903225808
development;climatology_catboost_normalized;climatology;catboost;normalized;1.0;0.8200094740891499;144.0468936678614
development;climatology_extra_trees_normalized;climatology;extra_trees;normalized;0.0;0.8133110859252488;149.40763142174433
development;climatology_extra_trees_normalized;climatology;extra_trees;normalized;0.1;0.8179030427650531;145.7326762246117
development;climatology_extra_trees_normalized;climatology;extra_trees;normalized;0.25;0.8238805641496324;140.94885005973717
development;climatology_extra_trees_normalized;climatology;extra_trees;normalized;0.5;0.8311436281805354;135.13620071684588
development;climatology_extra_trees_normalized;climatology;extra_trees;normalized;0.75;0.8343703607496903;132.55383811230587
development;climatology_extra_trees_normalized;climatology;extra_trees;normalized;1.0;0.8336324193365843;133.1444145758662
development;climatology_neural_normalized;climatology;neural;normalized;0.0;0.8133110859252488;149.40763142174433
development;climatology_neural_normalized;climatology;neural;normalized;0.1;0.8019955488389109;158.46348566308242
development;climatology_neural_normalized;climatology;neural;normalized;0.25;0.7819390122072435;174.51478494623655
development;climatology_neural_normalized;climatology;neural;normalized;0.5;0.7424639517625734;206.10678016726405
development;climatology_neural_normalized;climatology;neural;normalized;0.75;0.6982325328129209;241.50530167264037
development;climatology_neural_normalized;climatology;neural;normalized;1.0;0.6510665161486382;279.2523894862604
development;daily_catboost_direct;daily;catboost;direct;0.0;0.8133110859252488;149.40763142174433
development;daily_catboost_direct;daily;catboost;direct;0.1;0.8118077717201705;150.61073775388292
development;daily_catboost_direct;daily;catboost;direct;0.25;0.8085802927189376;153.19369772998806
development;daily_catboost_direct;daily;catboost;direct;0.5;0.8009165812701717;159.326986260454
development;daily_catboost_direct;daily;catboost;direct;0.75;0.7907341280782276;167.47603046594983
development;daily_catboost_direct;daily;catboost;direct;1.0;0.7785492775330569;177.22759856630825
development;daily_catboost_residual;daily;catboost;residual;0.0;0.8133110859252488;149.40763142174433
development;daily_catboost_residual;daily;catboost;residual;0.1;0.8157155302564844;147.48334826762246
development;daily_catboost_residual;daily;catboost;residual;0.25;0.8184631467355773;145.28442353643968
development;daily_catboost_residual;daily;catboost;residual;0.5;0.8206832223435485;143.50769115890083
development;daily_catboost_residual;daily;catboost;residual;0.75;0.8198506706645569;144.1739844683393
development;daily_catboost_residual;daily;catboost;residual;1.0;0.8163118361827911;147.0061230585424
development;daily_catboost_normalized;daily;catboost;normalized;0.0;0.8133110859252488;149.40763142174433
development;daily_catboost_normalized;daily;catboost;normalized;0.1;0.8156085105573021;147.5689964157706
development;daily_catboost_normalized;daily;catboost;normalized;0.25;0.818474063304718;145.27568697729987
development;daily_catboost_normalized;daily;catboost;normalized;0.5;0.8215270638077199;142.83236260454004
development;daily_catboost_normalized;daily;catboost;normalized;0.75;0.8222828262866879;142.2275238948626
development;daily_catboost_normalized;daily;catboost;normalized;1.0;0.820778299129483;143.4316009557945
development;daily_extra_trees_normalized;daily;extra_trees;normalized;0.0;0.8133110859252488;149.40763142174433
development;daily_extra_trees_normalized;daily;extra_trees;normalized;0.1;0.8172617643060472;146.24589307048984
development;daily_extra_trees_normalized;daily;extra_trees;normalized;0.25;0.8225058228699884;142.04905913978496
development;daily_extra_trees_normalized;daily;extra_trees;normalized;0.5;0.8292244580040051;136.67211768219832
development;daily_extra_trees_normalized;daily;extra_trees;normalized;0.75;0.8330123208877914;133.64068100358423
development;daily_extra_trees_normalized;daily;extra_trees;normalized;1.0;0.8334543019819731;133.2869623655914
development;daily_neural_normalized;daily;neural;normalized;0.0;0.8133110859252488;149.40763142174433
development;daily_neural_normalized;daily;neural;normalized;0.1;0.8102925146018443;151.82340203106332
development;daily_neural_normalized;daily;neural;normalized;0.25;0.8028484407920279;157.78091397849462
development;daily_neural_normalized;daily;neural;normalized;0.5;0.7846582642673727;172.33856033452807
development;daily_neural_normalized;daily;neural;normalized;0.75;0.7604773171887539;191.69063620071685
development;daily_neural_normalized;daily;neural;normalized;1.0;0.7324925522406818;214.086917562724
development;hourly_other_catboost_direct;hourly_other;catboost;direct;0.0;0.8133110859252488;149.40763142174433
development;hourly_other_catboost_direct;hourly_other;catboost;direct;0.1;0.8116161252841457;150.7641129032258
development;hourly_other_catboost_direct;hourly_other;catboost;direct;0.25;0.8081496014099355;153.53838112305854
development;hourly_other_catboost_direct;hourly_other;catboost;direct;0.5;0.8000055609189811;160.05607825567503
development;hourly_other_catboost_direct;hourly_other;catboost;direct;0.75;0.7894008137789122;168.5430854241338
development;hourly_other_catboost_direct;hourly_other;catboost;direct;1.0;0.7766406507096283;178.75507765830346
development;hourly_other_catboost_residual;hourly_other;catboost;residual;0.0;0.8133110859252488;149.40763142174433
development;hourly_other_catboost_residual;hourly_other;catboost;residual;0.1;0.8161026485929336;147.17353643966547
development;hourly_other_catboost_residual;hourly_other;catboost;residual;0.25;0.8193834974877429;144.54786439665472
development;hourly_other_catboost_residual;hourly_other;catboost;residual;0.5;0.8223988964748159;142.13463261648747
development;hourly_other_catboost_residual;hourly_other;catboost;residual;0.75;0.8220992972995114;142.3744026284349
development;hourly_other_catboost_residual;hourly_other;catboost;residual;1.0;0.8187439918049222;145.0596624850657
development;hourly_other_catboost_normalized;hourly_other;catboost;normalized;0.0;0.8133110859252488;149.40763142174433
development;hourly_other_catboost_normalized;hourly_other;catboost;normalized;0.1;0.8165072147792058;146.84976105137395
development;hourly_other_catboost_normalized;hourly_other;catboost;normalized;0.25;0.8205977558706183;143.57609020310633
development;hourly_other_catboost_normalized;hourly_other;catboost;normalized;0.5;0.825351781775357;139.77143070489845
development;hourly_other_catboost_normalized;hourly_other;catboost;normalized;0.75;0.8271607599163735;138.32370071684588
development;hourly_other_catboost_normalized;hourly_other;catboost;normalized;1.0;0.8258899593035901;139.34072580645162
development;hourly_other_extra_trees_normalized;hourly_other;extra_trees;normalized;0.0;0.8133110859252488;149.40763142174433
development;hourly_other_extra_trees_normalized;hourly_other;extra_trees;normalized;0.1;0.8171822692897409;146.30951314217444
development;hourly_other_extra_trees_normalized;hourly_other;extra_trees;normalized;0.25;0.8223249996990946;142.1937724014337
development;hourly_other_extra_trees_normalized;hourly_other;extra_trees;normalized;0.5;0.8288792331679333;136.94840203106332
development;hourly_other_extra_trees_normalized;hourly_other;extra_trees;normalized;0.75;0.832647595513682;133.93257168458783
development;hourly_other_extra_trees_normalized;hourly_other;extra_trees;normalized;1.0;0.8331981824752117;133.49193548387098
development;hourly_other_neural_normalized;hourly_other;neural;normalized;0.0;0.8133110859252488;149.40763142174433
development;hourly_other_neural_normalized;hourly_other;neural;normalized;0.1;0.8145249710920852;148.4361559139785
development;hourly_other_neural_normalized;hourly_other;neural;normalized;0.25;0.8149860795082655;148.06712962962962
development;hourly_other_neural_normalized;hourly_other;neural;normalized;0.5;0.8118444401960019;150.5813918757467
development;hourly_other_neural_normalized;hourly_other;neural;normalized;0.75;0.8046230830574567;156.36066308243727
development;hourly_other_neural_normalized;hourly_other;neural;normalized;1.0;0.7939749495528545;164.88239247311827
validation;climatology_catboost_direct;climatology;catboost;direct;0.0;0.8918294676200467;104.71000303582271
validation;climatology_catboost_direct;climatology;catboost;direct;0.1;0.8920620917464223;104.48482088646023
validation;climatology_catboost_direct;climatology;catboost;direct;0.25;0.8891502523701278;107.30350637522768
validation;climatology_catboost_direct;climatology;catboost;direct;0.5;0.8766749505526724;119.37970552519732
validation;climatology_catboost_direct;climatology;catboost;direct;0.75;0.8566434808284241;138.7703400121433
validation;climatology_catboost_direct;climatology;catboost;direct;1.0;0.8322841987847251;162.35033394049788
validation;climatology_catboost_residual;climatology;catboost;residual;0.0;0.8918294676200467;104.71000303582271
validation;climatology_catboost_residual;climatology;catboost;residual;0.1;0.8927348749039651;103.83356102003643
validation;climatology_catboost_residual;climatology;catboost;residual;0.25;0.8935705811941701;103.02459016393442
validation;climatology_catboost_residual;climatology;catboost;residual;0.5;0.8934398820304801;103.1511080752884
validation;climatology_catboost_residual;climatology;catboost;residual;0.75;0.8916107209693597;104.92175166970249
validation;climatology_catboost_residual;climatology;catboost;residual;1.0;0.8882431986060428;108.18154219793564
validation;climatology_catboost_normalized;climatology;catboost;normalized;0.0;0.8918294676200467;104.71000303582271
validation;climatology_catboost_normalized;climatology;catboost;normalized;0.1;0.8925315738053159;104.03035822707953
validation;climatology_catboost_normalized;climatology;catboost;normalized;0.25;0.8930684831472171;103.51062537947784
validation;climatology_catboost_normalized;climatology;catboost;normalized;0.5;0.892637575766509;103.9277474195507
validation;climatology_catboost_normalized;climatology;catboost;normalized;0.75;0.8905687342354425;105.93040376442016
validation;climatology_catboost_normalized;climatology;catboost;normalized;1.0;0.8870614962694288;109.32544019429265
validation;climatology_extra_trees_normalized;climatology;extra_trees;normalized;0.0;0.8918294676200467;104.71000303582271
validation;climatology_extra_trees_normalized;climatology;extra_trees;normalized;0.1;0.8919023047664582;104.63949605343048
validation;climatology_extra_trees_normalized;climatology;extra_trees;normalized;0.25;0.8918242929680948;104.71501214329083
validation;climatology_extra_trees_normalized;climatology;extra_trees;normalized;0.5;0.8911406116799264;105.37682149362477
validation;climatology_extra_trees_normalized;climatology;extra_trees;normalized;0.75;0.88978430404185;106.68973891924712
validation;climatology_extra_trees_normalized;climatology;extra_trees;normalized;1.0;0.8877432958659784;108.66545233758349
validation;climatology_neural_normalized;climatology;neural;normalized;0.0;0.8918294676200467;104.71000303582271
validation;climatology_neural_normalized;climatology;neural;normalized;0.1;0.8881389999326511;108.2824074074074
validation;climatology_neural_normalized;climatology;neural;normalized;0.25;0.8604271706547684;135.10769581056465
validation;climatology_neural_normalized;climatology;neural;normalized;0.5;0.786400089505798;206.76654523375834
validation;climatology_neural_normalized;climatology;neural;normalized;0.75;0.7014464955492896;289.00235276259866
validation;climatology_neural_normalized;climatology;neural;normalized;1.0;0.6129839387427838;374.6348664238009
validation;daily_catboost_direct;daily;catboost;direct;0.0;0.8918294676200467;104.71000303582271
validation;daily_catboost_direct;daily;catboost;direct;0.1;0.8919112428016476;104.63084395871282
validation;daily_catboost_direct;daily;catboost;direct;0.25;0.889002696385686;107.44634183363692
validation;daily_catboost_direct;daily;catboost;direct;0.5;0.8770141254669633;119.05138129933212
validation;daily_catboost_direct;daily;catboost;direct;0.75;0.8576661018194311;137.78043412264725
validation;daily_catboost_direct;daily;catboost;direct;1.0;0.8340882706242614;160.60397692774742
validation;daily_catboost_residual;daily;catboost;residual;0.0;0.8918294676200467;104.71000303582271
validation;daily_catboost_residual;daily;catboost;residual;0.1;0.8923443454892441;104.21159684274438
validation;daily_catboost_residual;daily;catboost;residual;0.25;0.8926351452481681;103.93010018214936
validation;daily_catboost_residual;daily;catboost;residual;0.5;0.891775761005093;104.76199149969642
validation;daily_catboost_residual;daily;catboost;residual;0.75;0.8894129835624045;107.04918032786885
validation;daily_catboost_residual;daily;catboost;residual;1.0;0.8856561862454458;110.68579234972678
validation;daily_catboost_normalized;daily;catboost;normalized;0.0;0.8918294676200467;104.71000303582271
validation;daily_catboost_normalized;daily;catboost;normalized;0.1;0.8922650792298017;104.28832726168791
validation;daily_catboost_normalized;daily;catboost;normalized;0.25;0.8924588150627218;104.10078931390407
validation;daily_catboost_normalized;daily;catboost;normalized;0.5;0.8915398439183845;104.99036126290224
validation;daily_catboost_normalized;daily;catboost;normalized;0.75;0.8891630321923722;107.29113539769277
validation;daily_catboost_normalized;daily;catboost;normalized;1.0;0.8855359147894767;110.80221615057681
validation;daily_extra_trees_normalized;daily;extra_trees;normalized;0.0;0.8918294676200467;104.71000303582271
validation;daily_extra_trees_normalized;daily;extra_trees;normalized;0.1;0.8917564736660002;104.78066180935033
validation;daily_extra_trees_normalized;daily;extra_trees;normalized;0.25;0.8913646897902;105.15991196114147
validation;daily_extra_trees_normalized;daily;extra_trees;normalized;0.5;0.889988075563404;106.49248633879782
validation;daily_extra_trees_normalized;daily;extra_trees;normalized;0.75;0.8876939014609846;108.71326654523376
validation;daily_extra_trees_normalized;daily;extra_trees;normalized;1.0;0.8844972994197098;111.80760473588343
validation;daily_neural_normalized;daily;neural;normalized;0.0;0.8918294676200467;104.71000303582271
validation;daily_neural_normalized;daily;neural;normalized;0.1;0.8903087471767765;106.18207346690953
validation;daily_neural_normalized;daily;neural;normalized;0.25;0.8761357675000653;119.90163934426229
validation;daily_neural_normalized;daily;neural;normalized;0.5;0.8334167419277978;161.25402246508804
validation;daily_neural_normalized;daily;neural;normalized;0.75;0.7802197517876266;212.7491651487553
validation;daily_neural_normalized;daily;neural;normalized;1.0;0.722877551818847;268.2569064966606
validation;hourly_other_catboost_direct;hourly_other;catboost;direct;0.0;0.8918294676200467;104.71000303582271
validation;hourly_other_catboost_direct;hourly_other;catboost;direct;0.1;0.8920009367688109;104.54401942926533
validation;hourly_other_catboost_direct;hourly_other;catboost;direct;0.25;0.8895189855235975;106.94656952034
validation;hourly_other_catboost_direct;hourly_other;catboost;direct;0.5;0.8790501942023357;117.08044930176078
validation;hourly_other_catboost_direct;hourly_other;catboost;direct;0.75;0.8618538065170978;133.72670006071647
validation;hourly_other_catboost_direct;hourly_other;catboost;direct;1.0;0.8403622225004687;154.53073770491804
validation;hourly_other_catboost_residual;hourly_other;catboost;residual;0.0;0.8918294676200467;104.71000303582271
validation;hourly_other_catboost_residual;hourly_other;catboost;residual;0.1;0.8924473681053741;104.1118700667881
validation;hourly_other_catboost_residual;hourly_other;catboost;residual;0.25;0.8928137491443203;103.7572100789314
validation;hourly_other_catboost_residual;hourly_other;catboost;residual;0.5;0.8918992470175776;104.64245598057073
validation;hourly_other_catboost_residual;hourly_other;catboost;residual;0.75;0.8892085064064935;107.24711596842744
validation;hourly_other_catboost_residual;hourly_other;catboost;residual;1.0;0.8848715992442185;111.44527929568913
validation;hourly_other_catboost_normalized;hourly_other;catboost;normalized;0.0;0.8918294676200467;104.71000303582271
validation;hourly_other_catboost_normalized;hourly_other;catboost;normalized;0.1;0.8923005177552893;104.25402246508804
validation;hourly_other_catboost_normalized;hourly_other;catboost;normalized;0.25;0.8925554869696384;104.0072100789314
validation;hourly_other_catboost_normalized;hourly_other;catboost;normalized;0.5;0.891744085862843;104.79265330904676
validation;hourly_other_catboost_normalized;hourly_other;catboost;normalized;0.75;0.8895657926026155;106.9012598664238
validation;hourly_other_catboost_normalized;hourly_other;catboost;normalized;1.0;0.8860729025351952;110.2824074074074
validation;hourly_other_extra_trees_normalized;hourly_other;extra_trees;normalized;0.0;0.8918294676200467;104.71000303582271
validation;hourly_other_extra_trees_normalized;hourly_other;extra_trees;normalized;0.1;0.8916982196296345;104.83705221615058
validation;hourly_other_extra_trees_normalized;hourly_other;extra_trees;normalized;0.25;0.8911922797956263;105.32680631451123
validation;hourly_other_extra_trees_normalized;hourly_other;extra_trees;normalized;0.5;0.8895144381021854;106.95097146326654
validation;hourly_other_extra_trees_normalized;hourly_other;extra_trees;normalized;0.75;0.8867652866471007;109.61217364905889
validation;hourly_other_extra_trees_normalized;hourly_other;extra_trees;normalized;1.0;0.8831175490402158;113.14321493624772
validation;hourly_other_neural_normalized;hourly_other;neural;normalized;0.0;0.8918294676200467;104.71000303582271
validation;hourly_other_neural_normalized;hourly_other;neural;normalized;0.1;0.8920067386513022;104.53840315725562
validation;hourly_other_neural_normalized;hourly_other;neural;normalized;0.25;0.8894009877783345;107.06079234972678
validation;hourly_other_neural_normalized;hourly_other;neural;normalized;0.5;0.877984999938453;118.1115664845173
validation;hourly_other_neural_normalized;hourly_other;neural;normalized;0.75;0.8603123874660208;135.21880692167576
validation;hourly_other_neural_normalized;hourly_other;neural;normalized;1.0;0.8387071179140884;156.13289313904068
