fold;key;mode;family;target;weight;score;mae;score_closures;short_turn_strength;score_operations
validation;climatology_catboost_direct;climatology;catboost;direct;0.0;0.8918294676200467;104.71000303582272;0.9031232239085228;0.0;0.9031232239085228
validation;climatology_catboost_direct;climatology;catboost;direct;0.0;0.8918294676200467;104.71000303582272;0.9031232239085228;0.25;0.9058394457602783
validation;climatology_catboost_direct;climatology;catboost;direct;0.0;0.8918294676200467;104.71000303582272;0.9031232239085228;0.5;0.9082848608265597
validation;climatology_catboost_direct;climatology;catboost;direct;0.0;0.8918294676200467;104.71000303582272;0.9031232239085228;0.75;0.909559706898305
validation;climatology_catboost_direct;climatology;catboost;direct;0.0;0.8918294676200467;104.71000303582272;0.9031232239085228;1.0;0.9080716024430944
validation;climatology_catboost_direct;climatology;catboost;direct;0.1;0.8920620917464223;104.48482088646024;0.903522142531711;0.0;0.903522142531711
validation;climatology_catboost_direct;climatology;catboost;direct;0.1;0.8920620917464223;104.48482088646024;0.903522142531711;0.25;0.9062021418198043
validation;climatology_catboost_direct;climatology;catboost;direct;0.1;0.8920620917464223;104.48482088646024;0.903522142531711;0.5;0.9085804432183481
validation;climatology_catboost_direct;climatology;catboost;direct;0.1;0.8920620917464223;104.48482088646024;0.903522142531711;0.75;0.9097042051338663
validation;climatology_catboost_direct;climatology;catboost;direct;0.1;0.8920620917464223;104.48482088646024;0.903522142531711;1.0;0.9080919874356315
validation;climatology_catboost_direct;climatology;catboost;direct;0.25;0.8891502523701278;107.30350637522768;0.9008582160261951;0.0;0.9008582160261951
validation;climatology_catboost_direct;climatology;catboost;direct;0.25;0.8891502523701278;107.30350637522768;0.9008582160261951;0.25;0.9034781579901213
validation;climatology_catboost_direct;climatology;catboost;direct;0.25;0.8891502523701278;107.30350637522768;0.9008582160261951;0.5;0.9057374423937752
validation;climatology_catboost_direct;climatology;catboost;direct;0.25;0.8891502523701278;107.30350637522768;0.9008582160261951;0.75;0.9066238759538706
validation;climatology_catboost_direct;climatology;catboost;direct;0.25;0.8891502523701278;107.30350637522768;0.9008582160261951;1.0;0.9048602604841389
validation;climatology_catboost_direct;climatology;catboost;direct;0.5;0.8766749505526724;119.37970552519732;0.8887976704030529;0.0;0.8887976704030529
validation;climatology_catboost_direct;climatology;catboost;direct;0.5;0.8766749505526724;119.37970552519732;0.8887976704030529;0.25;0.8912914606247012
validation;climatology_catboost_direct;climatology;catboost;direct;0.5;0.8766749505526724;119.37970552519732;0.8887976704030529;0.5;0.8933024401384894
validation;climatology_catboost_direct;climatology;catboost;direct;0.5;0.8766749505526724;119.37970552519732;0.8887976704030529;0.75;0.8937679236026931
validation;climatology_catboost_direct;climatology;catboost;direct;0.5;0.8766749505526724;119.37970552519732;0.8887976704030529;1.0;0.8918557328988925
validation;climatology_catboost_direct;climatology;catboost;direct;0.75;0.8566434808284241;138.7703400121433;0.8691797024120386;0.0;0.8691797024120386
validation;climatology_catboost_direct;climatology;catboost;direct;0.75;0.8566434808284241;138.7703400121433;0.8691797024120386;0.25;0.8714957511795266
validation;climatology_catboost_direct;climatology;catboost;direct;0.75;0.8566434808284241;138.7703400121433;0.8691797024120386;0.5;0.8732158525305733
validation;climatology_catboost_direct;climatology;catboost;direct;0.75;0.8566434808284241;138.7703400121433;0.8691797024120386;0.75;0.8732490957491724
validation;climatology_catboost_direct;climatology;catboost;direct;0.75;0.8566434808284241;138.7703400121433;0.8691797024120386;1.0;0.871294802195401
validation;climatology_catboost_direct;climatology;catboost;direct;1.0;0.8322841987847251;162.35033394049788;0.8452354901779225;0.0;0.8452354901779225
validation;climatology_catboost_direct;climatology;catboost;direct;1.0;0.8322841987847251;162.35033394049788;0.8452354901779225;0.25;0.8472963345196092
validation;climatology_catboost_direct;climatology;catboost;direct;1.0;0.8322841987847251;162.35033394049788;0.8452354901779225;0.5;0.8486832196464913
validation;climatology_catboost_direct;climatology;catboost;direct;1.0;0.8322841987847251;162.35033394049788;0.8452354901779225;0.75;0.8483096254563396
validation;climatology_catboost_direct;climatology;catboost;direct;1.0;0.8322841987847251;162.35033394049788;0.8452354901779225;1.0;0.8464360094307248
validation;climatology_catboost_residual;climatology;catboost;residual;0.0;0.8918294676200467;104.71000303582272;0.9031232239085228;0.0;0.9031232239085228
validation;climatology_catboost_residual;climatology;catboost;residual;0.0;0.8918294676200467;104.71000303582272;0.9031232239085228;0.25;0.9058394457602783
validation;climatology_catboost_residual;climatology;catboost;residual;0.0;0.8918294676200467;104.71000303582272;0.9031232239085228;0.5;0.9082848608265597
validation;climatology_catboost_residual;climatology;catboost;residual;0.0;0.8918294676200467;104.71000303582272;0.9031232239085228;0.75;0.909559706898305
validation;climatology_catboost_residual;climatology;catboost;residual;0.0;0.8918294676200467;104.71000303582272;0.9031232239085228;1.0;0.9080716024430944
validation;climatology_catboost_residual;climatology;catboost;residual;0.1;0.8927348749039651;103.83356102003644;0.9040969993212582;0.0;0.9040969993212582
validation;climatology_catboost_residual;climatology;catboost;residual;0.1;0.8927348749039651;103.83356102003644;0.9040969993212582;0.25;0.9067765281864468
validation;climatology_catboost_residual;climatology;catboost;residual;0.1;0.8927348749039651;103.83356102003644;0.9040969993212582;0.5;0.9091727840591868
validation;climatology_catboost_residual;climatology;catboost;residual;0.1;0.8927348749039651;103.83356102003644;0.9040969993212582;0.75;0.9103457051682464
validation;climatology_catboost_residual;climatology;catboost;residual;0.1;0.8927348749039651;103.83356102003644;0.9040969993212582;1.0;0.9087729245901891
validation;climatology_catboost_residual;climatology;catboost;residual;0.25;0.8935705811941701;103.02459016393442;0.9050324352672602;0.0;0.9050324352672602
validation;climatology_catboost_residual;climatology;catboost;residual;0.25;0.8935705811941701;103.02459016393442;0.9050324352672602;0.25;0.9076551997686146
validation;climatology_catboost_residual;climatology;catboost;residual;0.25;0.8935705811941701;103.02459016393442;0.9050324352672602;0.5;0.9099736790544437
validation;climatology_catboost_residual;climatology;catboost;residual;0.25;0.8935705811941701;103.02459016393442;0.9050324352672602;0.75;0.9109890084904277
validation;climatology_catboost_residual;climatology;catboost;residual;0.25;0.8935705811941701;103.02459016393442;0.9050324352672602;1.0;0.9092987005900123
validation;climatology_catboost_residual;climatology;catboost;residual;0.5;0.8934398820304801;103.1511080752884;0.9050695986767318;0.0;0.9050695986767318
validation;climatology_catboost_residual;climatology;catboost;residual;0.5;0.8934398820304801;103.1511080752884;0.9050695986767318;0.25;0.9075962400978919
validation;climatology_catboost_residual;climatology;catboost;residual;0.5;0.8934398820304801;103.1511080752884;0.9050695986767318;0.5;0.9097648896885729
validation;climatology_catboost_residual;climatology;catboost;residual;0.5;0.8934398820304801;103.1511080752884;0.9050695986767318;0.75;0.9105084714932736
validation;climatology_catboost_residual;climatology;catboost;residual;0.5;0.8934398820304801;103.1511080752884;0.9050695986767318;1.0;0.9086540644029342
validation;climatology_catboost_residual;climatology;catboost;residual;0.75;0.8916107209693597;104.92175166970247;0.9034069673238763;0.0;0.9034069673238763
validation;climatology_catboost_residual;climatology;catboost;residual;0.75;0.8916107209693597;104.92175166970247;0.9034069673238763;0.25;0.9058351335503185
validation;climatology_catboost_residual;climatology;catboost;residual;0.75;0.8916107209693597;104.92175166970247;0.9034069673238763;0.5;0.9078213374577923
validation;climatology_catboost_residual;climatology;catboost;residual;0.75;0.8916107209693597;104.92175166970247;0.9034069673238763;0.75;0.9082872129410833
validation;climatology_catboost_residual;climatology;catboost;residual;0.75;0.8916107209693597;104.92175166970247;0.9034069673238763;1.0;0.9063060268779263
validation;climatology_catboost_residual;climatology;catboost;residual;1.0;0.8882431986060428;108.18154219793564;0.9002083267833477;0.0;0.9002083267833477
validation;climatology_catboost_residual;climatology;catboost;residual;1.0;0.8882431986060428;108.18154219793564;0.9002083267833477;0.25;0.9025349600661916
validation;climatology_catboost_residual;climatology;catboost;residual;1.0;0.8882431986060428;108.18154219793564;0.9002083267833477;0.5;0.9043304074858083
validation;climatology_catboost_residual;climatology;catboost;residual;1.0;0.8882431986060428;108.18154219793564;0.9002083267833477;0.75;0.904494820291002
validation;climatology_catboost_residual;climatology;catboost;residual;1.0;0.8882431986060428;108.18154219793564;0.9002083267833477;1.0;0.9024385233707275
validation;climatology_catboost_normalized;climatology;catboost;normalized;0.0;0.8918294676200467;104.71000303582272;0.9031232239085228;0.0;0.9031232239085228
validation;climatology_catboost_normalized;climatology;catboost;normalized;0.0;0.8918294676200467;104.71000303582272;0.9031232239085228;0.25;0.9058394457602783
validation;climatology_catboost_normalized;climatology;catboost;normalized;0.0;0.8918294676200467;104.71000303582272;0.9031232239085228;0.5;0.9082848608265597
validation;climatology_catboost_normalized;climatology;catboost;normalized;0.0;0.8918294676200467;104.71000303582272;0.9031232239085228;0.75;0.909559706898305
validation;climatology_catboost_normalized;climatology;catboost;normalized;0.0;0.8918294676200467;104.71000303582272;0.9031232239085228;1.0;0.9080716024430944
validation;climatology_catboost_normalized;climatology;catboost;normalized;0.1;0.8925315738053159;104.03035822707952;0.9039044395455997;0.0;0.9039044395455997
validation;climatology_catboost_normalized;climatology;catboost;normalized;0.1;0.8925315738053159;104.03035822707952;0.9039044395455997;0.25;0.9066020796926194
validation;climatology_catboost_normalized;climatology;catboost;normalized;0.1;0.8925315738053159;104.03035822707952;0.9039044395455997;0.5;0.9090221703258643
validation;climatology_catboost_normalized;climatology;catboost;normalized;0.1;0.8925315738053159;104.03035822707952;0.9039044395455997;0.75;0.9102462891277191
validation;climatology_catboost_normalized;climatology;catboost;normalized;0.1;0.8925315738053159;104.03035822707952;0.9039044395455997;1.0;0.9087077710178878
validation;climatology_catboost_normalized;climatology;catboost;normalized;0.25;0.8930684831472171;103.51062537947784;0.9045607579014779;0.0;0.9045607579014779
validation;climatology_catboost_normalized;climatology;catboost;normalized;0.25;0.8930684831472171;103.51062537947784;0.9045607579014779;0.25;0.9072275069444221
validation;climatology_catboost_normalized;climatology;catboost;normalized;0.25;0.8930684831472171;103.51062537947784;0.9045607579014779;0.5;0.9096109045911002
validation;climatology_catboost_normalized;climatology;catboost;normalized;0.25;0.8930684831472171;103.51062537947784;0.9045607579014779;0.75;0.9107570115945918
validation;climatology_catboost_normalized;climatology;catboost;normalized;0.25;0.8930684831472171;103.51062537947784;0.9045607579014779;1.0;0.9091480868566898
validation;climatology_catboost_normalized;climatology;catboost;normalized;0.5;0.892637575766509;103.9277474195507;0.9043260952758485;0.0;0.9043260952758485
validation;climatology_catboost_normalized;climatology;catboost;normalized;0.5;0.892637575766509;103.9277474195507;0.9043260952758485;0.25;0.9069415682221801
validation;climatology_catboost_normalized;climatology;catboost;normalized;0.5;0.892637575766509;103.9277474195507;0.9043260952758485;0.5;0.9092558921056842
validation;climatology_catboost_normalized;climatology;catboost;normalized;0.5;0.892637575766509;103.9277474195507;0.9043260952758485;0.75;0.9102648708324549
validation;climatology_catboost_normalized;climatology;catboost;normalized;0.5;0.892637575766509;103.9277474195507;0.9043260952758485;1.0;0.9085492384990028
validation;climatology_catboost_normalized;climatology;catboost;normalized;0.75;0.8905687342354425;105.93040376442016;0.9024542825380351;0.0;0.9024542825380351
validation;climatology_catboost_normalized;climatology;catboost;normalized;0.75;0.8905687342354425;105.93040376442016;0.9024542825380351;0.25;0.9050163624846829
validation;climatology_catboost_normalized;climatology;catboost;normalized;0.75;0.8905687342354425;105.93040376442016;0.9024542825380351;0.5;0.9072569867797835
validation;climatology_catboost_normalized;climatology;catboost;normalized;0.75;0.8905687342354425;105.93040376442016;0.9024542825380351;0.75;0.9081116667938115
validation;climatology_catboost_normalized;climatology;catboost;normalized;0.75;0.8905687342354425;105.93040376442016;0.9024542825380351;1.0;0.9063128480100444
validation;climatology_catboost_normalized;climatology;catboost;normalized;1.0;0.8870614962694288;109.32544019429264;0.8991435245385524;0.0;0.8991435245385524
validation;climatology_catboost_normalized;climatology;catboost;normalized;1.0;0.8870614962694288;109.32544019429264;0.8991435245385524;0.25;0.9016465664106599
validation;climatology_catboost_normalized;climatology;catboost;normalized;1.0;0.8870614962694288;109.32544019429264;0.8991435245385524;0.5;0.9038076892348658
validation;climatology_catboost_normalized;climatology;catboost;normalized;1.0;0.8870614962694288;109.32544019429264;0.8991435245385524;0.75;0.9044988972895095
validation;climatology_catboost_normalized;climatology;catboost;normalized;1.0;0.8870614962694288;109.32544019429264;0.8991435245385524;1.0;0.9026364930097901
validation;climatology_extra_trees_normalized;climatology;extra_trees;normalized;0.0;0.8918294676200467;104.71000303582272;0.9031232239085228;0.0;0.9031232239085228
validation;climatology_extra_trees_normalized;climatology;extra_trees;normalized;0.0;0.8918294676200467;104.71000303582272;0.9031232239085228;0.25;0.9058394457602783
validation;climatology_extra_trees_normalized;climatology;extra_trees;normalized;0.0;0.8918294676200467;104.71000303582272;0.9031232239085228;0.5;0.9082848608265597
validation;climatology_extra_trees_normalized;climatology;extra_trees;normalized;0.0;0.8918294676200467;104.71000303582272;0.9031232239085228;0.75;0.909559706898305
validation;climatology_extra_trees_normalized;climatology;extra_trees;normalized;0.0;0.8918294676200467;104.71000303582272;0.9031232239085228;1.0;0.9080716024430944
validation;climatology_extra_trees_normalized;climatology;extra_trees;normalized;0.1;0.8919023047664582;104.63949605343048;0.903235498175112;0.0;0.903235498175112
validation;climatology_extra_trees_normalized;climatology;extra_trees;normalized;0.1;0.8919023047664582;104.63949605343048;0.903235498175112;0.25;0.9059625397536756
validation;climatology_extra_trees_normalized;climatology;extra_trees;normalized;0.1;0.8919023047664582;104.63949605343048;0.903235498175112;0.5;0.9084208130460188
validation;climatology_extra_trees_normalized;climatology;extra_trees;normalized;0.1;0.8919023047664582;104.63949605343048;0.903235498175112;0.75;0.9097223164156973
validation;climatology_extra_trees_normalized;climatology;extra_trees;normalized;0.1;0.8919023047664582;104.63949605343048;0.903235498175112;1.0;0.9082422875536841
validation;climatology_extra_trees_normalized;climatology;extra_trees;normalized;0.25;0.8918242929680948;104.71501214329083;0.9032138587214956;0.0;0.9032138587214956
validation;climatology_extra_trees_normalized;climatology;extra_trees;normalized;0.25;0.8918242929680948;104.71501214329083;0.9032138587214956;0.25;0.9059568946788191
validation;climatology_extra_trees_normalized;climatology;extra_trees;normalized;0.25;0.8918242929680948;104.71501214329083;0.9032138587214956;0.5;0.9084358665789694
validation;climatology_extra_trees_normalized;climatology;extra_trees;normalized;0.25;0.8918242929680948;104.71501214329083;0.9032138587214956;0.75;0.9097757878191985
validation;climatology_extra_trees_normalized;climatology;extra_trees;normalized;0.25;0.8918242929680948;104.71501214329083;0.9032138587214956;1.0;0.908302658493121
validation;climatology_extra_trees_normalized;climatology;extra_trees;normalized;0.5;0.8911406116799264;105.37682149362476;0.9026248892448073;0.0;0.9026248892448073
validation;climatology_extra_trees_normalized;climatology;extra_trees;normalized;0.5;0.8911406116799264;105.37682149362476;0.9026248892448073;0.25;0.9053886238099379
validation;climatology_extra_trees_normalized;climatology;extra_trees;normalized;0.5;0.8911406116799264;105.37682149362476;0.9026248892448073;0.5;0.907906562407361
validation;climatology_extra_trees_normalized;climatology;extra_trees;normalized;0.5;0.8911406116799264;105.37682149362476;0.9026248892448073;0.75;0.9092997198396391
validation;climatology_extra_trees_normalized;climatology;extra_trees;normalized;0.5;0.8911406116799264;105.37682149362476;0.9026248892448073;1.0;0.9078509741007885
validation;climatology_extra_trees_normalized;climatology;extra_trees;normalized;0.75;0.88978430404185;106.68973891924712;0.9013642342640207;0.0;0.9013642342640207
validation;climatology_extra_trees_normalized;climatology;extra_trees;normalized;0.75;0.88978430404185;106.68973891924712;0.9013642342640207;0.25;0.9041481186102359
validation;climatology_extra_trees_normalized;climatology;extra_trees;normalized;0.75;0.88978430404185;106.68973891924712;0.9013642342640207;0.5;0.9067042398667574
validation;climatology_extra_trees_normalized;climatology;extra_trees;normalized;0.75;0.88978430404185;106.68973891924712;0.9013642342640207;0.75;0.908144988416228
validation;climatology_extra_trees_normalized;climatology;extra_trees;normalized;0.75;0.88978430404185;106.68973891924712;0.9013642342640207;1.0;0.9067289370692543
validation;climatology_extra_trees_normalized;climatology;extra_trees;normalized;1.0;0.8877432958659784;108.66545233758347;0.8994195059759782;0.0;0.8994195059759782
validation;climatology_extra_trees_normalized;climatology;extra_trees;normalized;1.0;0.8877432958659784;108.66545233758347;0.8994195059759782;0.25;0.9022205607582151
validation;climatology_extra_trees_normalized;climatology;extra_trees;normalized;1.0;0.8877432958659784;108.66545233758347;0.8994195059759782;0.5;0.9048047505813839
validation;climatology_extra_trees_normalized;climatology;extra_trees;normalized;1.0;0.8877432958659784;108.66545233758347;0.8994195059759782;0.75;0.9062944231129436
validation;climatology_extra_trees_normalized;climatology;extra_trees;normalized;1.0;0.8877432958659784;108.66545233758347;0.8994195059759782;1.0;0.9049196121739489
validation;climatology_neural_normalized;climatology;neural;normalized;0.0;0.8918294676200467;104.71000303582272;0.9031232239085228;0.0;0.9031232239085228
validation;climatology_neural_normalized;climatology;neural;normalized;0.0;0.8918294676200467;104.71000303582272;0.9031232239085228;0.25;0.9058394457602783
validation;climatology_neural_normalized;climatology;neural;normalized;0.0;0.8918294676200467;104.71000303582272;0.9031232239085228;0.5;0.9082848608265597
validation;climatology_neural_normalized;climatology;neural;normalized;0.0;0.8918294676200467;104.71000303582272;0.9031232239085228;0.75;0.909559706898305
validation;climatology_neural_normalized;climatology;neural;normalized;0.0;0.8918294676200467;104.71000303582272;0.9031232239085228;1.0;0.9080716024430944
validation;climatology_neural_normalized;climatology;neural;normalized;0.1;0.8881389999326511;108.2824074074074;0.9008262272686752;0.0;0.9008262272686752
validation;climatology_neural_normalized;climatology;neural;normalized;0.1;0.8881389999326511;108.2824074074074;0.9008262272686752;0.25;0.9036156782859295
validation;climatology_neural_normalized;climatology;neural;normalized;0.1;0.8881389999326511;108.2824074074074;0.9008262272686752;0.5;0.9061747788875141
validation;climatology_neural_normalized;climatology;neural;normalized;0.1;0.8881389999326511;108.2824074074074;0.9008262272686752;0.75;0.9076680579946765
validation;climatology_neural_normalized;climatology;neural;normalized;0.1;0.8881389999326511;108.2824074074074;0.9008262272686752;1.0;0.9063066541084659
validation;climatology_neural_normalized;climatology;neural;normalized;0.25;0.8604271706547684;135.10769581056465;0.8752181292206245;0.0;0.8752181292206245
validation;climatology_neural_normalized;climatology;neural;normalized;0.25;0.8604271706547684;135.10769581056465;0.8752181292206245;0.25;0.8780817502491869
validation;climatology_neural_normalized;climatology;neural;normalized;0.25;0.8604271706547684;135.10769581056465;0.8752181292206245;0.5;0.8807444222936237
validation;climatology_neural_normalized;climatology;neural;normalized;0.25;0.8604271706547684;135.10769581056465;0.8752181292206245;0.75;0.8824155996625813
validation;climatology_neural_normalized;climatology;neural;normalized;0.25;0.8604271706547684;135.10769581056465;0.8752181292206245;1.0;0.8814426082880205
validation;climatology_neural_normalized;climatology;neural;normalized;0.5;0.786400089505798;206.76654523375836;0.8046997757101995;0.0;0.8046997757101995
validation;climatology_neural_normalized;climatology;neural;normalized;0.5;0.786400089505798;206.76654523375836;0.8046997757101995;0.25;0.8076268254270793
validation;climatology_neural_normalized;climatology;neural;normalized;0.5;0.786400089505798;206.76654523375836;0.8046997757101995;0.5;0.8102739735156609
validation;climatology_neural_normalized;climatology;neural;normalized;0.5;0.786400089505798;206.76654523375836;0.8046997757101995;0.75;0.8119578523030455
validation;climatology_neural_normalized;climatology;neural;normalized;0.5;0.786400089505798;206.76654523375836;0.8046997757101995;1.0;0.8118638461259223
validation;climatology_neural_normalized;climatology;neural;normalized;0.75;0.7014464955492896;289.00235276259866;0.7232535765273397;0.0;0.7232535765273397
validation;climatology_neural_normalized;climatology;neural;normalized;0.75;0.7014464955492896;289.00235276259866;0.7232535765273397;0.25;0.7261389938171534
validation;climatology_neural_normalized;climatology;neural;normalized;0.75;0.7014464955492896;289.00235276259866;0.7232535765273397;0.5;0.7286283150212071
validation;climatology_neural_normalized;climatology;neural;normalized;0.75;0.7014464955492896;289.00235276259866;0.7232535765273397;0.75;0.7304541047181771
validation;climatology_neural_normalized;climatology;neural;normalized;0.75;0.7014464955492896;289.00235276259866;0.7232535765273397;1.0;0.7311137944382057
validation;climatology_neural_normalized;climatology;neural;normalized;1.0;0.6129839387427838;374.6348664238009;0.6382989633212045;0.0;0.6382989633212045
validation;climatology_neural_normalized;climatology;neural;normalized;1.0;0.6129839387427838;374.6348664238009;0.6382989633212045;0.25;0.6411414937228728
validation;climatology_neural_normalized;climatology;neural;normalized;1.0;0.6129839387427838;374.6348664238009;0.6382989633212045;0.5;0.6436179567008646
validation;climatology_neural_normalized;climatology;neural;normalized;1.0;0.6129839387427838;374.6348664238009;0.6382989633212045;0.75;0.6456994996503582
validation;climatology_neural_normalized;climatology;neural;normalized;1.0;0.6129839387427838;374.6348664238009;0.6382989633212045;1.0;0.6469986509055131
validation;daily_catboost_direct;daily;catboost;direct;0.0;0.8918294676200467;104.71000303582272;0.9031232239085228;0.0;0.9031232239085228
validation;daily_catboost_direct;daily;catboost;direct;0.0;0.8918294676200467;104.71000303582272;0.9031232239085228;0.25;0.9058394457602783
validation;daily_catboost_direct;daily;catboost;direct;0.0;0.8918294676200467;104.71000303582272;0.9031232239085228;0.5;0.9082848608265597
validation;daily_catboost_direct;daily;catboost;direct;0.0;0.8918294676200467;104.71000303582272;0.9031232239085228;0.75;0.909559706898305
validation;daily_catboost_direct;daily;catboost;direct;0.0;0.8918294676200467;104.71000303582272;0.9031232239085228;1.0;0.9080716024430944
validation;daily_catboost_direct;daily;catboost;direct;0.1;0.8919112428016476;104.63084395871282;0.9033410297134004;0.0;0.9033410297134004
validation;daily_catboost_direct;daily;catboost;direct;0.1;0.8919112428016476;104.63084395871282;0.9033410297134004;0.25;0.9060113853319472
validation;daily_catboost_direct;daily;catboost;direct;0.1;0.8919112428016476;104.63084395871282;0.9033410297134004;0.5;0.9083820815601984
validation;daily_catboost_direct;daily;catboost;direct;0.1;0.8919112428016476;104.63084395871282;0.9033410297134004;0.75;0.9094954157679955
validation;daily_catboost_direct;daily;catboost;direct;0.1;0.8919112428016476;104.63084395871282;0.9033410297134004;1.0;0.9078766121490949
validation;daily_catboost_direct;daily;catboost;direct;0.25;0.889002696385686;107.44634183363692;0.9006382149144289;0.0;0.9006382149144289
validation;daily_catboost_direct;daily;catboost;direct;0.25;0.889002696385686;107.44634183363692;0.9006382149144289;0.25;0.9032369878476435
validation;daily_catboost_direct;daily;catboost;direct;0.25;0.889002696385686;107.44634183363692;0.9006382149144289;0.5;0.9054740055671414
validation;daily_catboost_direct;daily;catboost;direct;0.25;0.889002696385686;107.44634183363692;0.9006382149144289;0.75;0.9063388780774381
validation;daily_catboost_direct;daily;catboost;direct;0.25;0.889002696385686;107.44634183363692;0.9006382149144289;1.0;0.9045537799617248
validation;daily_catboost_direct;daily;catboost;direct;0.5;0.8770141254669633;119.05138129933212;0.8889896813519892;0.0;0.8889896813519892
validation;daily_catboost_direct;daily;catboost;direct;0.5;0.8770141254669633;119.05138129933212;0.8889896813519892;0.25;0.8914528156810144
validation;daily_catboost_direct;daily;catboost;direct;0.5;0.8770141254669633;119.05138129933212;0.8889896813519892;0.5;0.8934219275562839
validation;daily_catboost_direct;daily;catboost;direct;0.5;0.8770141254669633;119.05138129933212;0.8889896813519892;0.75;0.8938367621544145
validation;daily_catboost_direct;daily;catboost;direct;0.5;0.8770141254669633;119.05138129933212;0.8889896813519892;1.0;0.8918733737578189
validation;daily_catboost_direct;daily;catboost;direct;0.75;0.8576661018194311;137.78043412264725;0.8699826359065492;0.0;0.8699826359065492
validation;daily_catboost_direct;daily;catboost;direct;0.75;0.8576661018194311;137.78043412264725;0.8699826359065492;0.25;0.8722645006096289
validation;daily_catboost_direct;daily;catboost;direct;0.75;0.8576661018194311;137.78043412264725;0.8699826359065492;0.5;0.8739370108434832
validation;daily_catboost_direct;daily;catboost;direct;0.75;0.8576661018194311;137.78043412264725;0.8699826359065492;0.75;0.8738706812139201
validation;daily_catboost_direct;daily;catboost;direct;0.75;0.8576661018194311;137.78043412264725;0.8699826359065492;1.0;0.8718415120144833
validation;daily_catboost_direct;daily;catboost;direct;1.0;0.8340882706242614;160.60397692774742;0.8467434307989482;0.0;0.8467434307989482
validation;daily_catboost_direct;daily;catboost;direct;1.0;0.8340882706242614;160.60397692774742;0.8467434307989482;0.25;0.8487703262876788
validation;daily_catboost_direct;daily;catboost;direct;1.0;0.8340882706242614;160.60397692774742;0.8467434307989482;0.5;0.8500944099567831
validation;daily_catboost_direct;daily;catboost;direct;1.0;0.8340882706242614;160.60397692774742;0.8467434307989482;0.75;0.8495722405325626
validation;daily_catboost_direct;daily;catboost;direct;1.0;0.8340882706242614;160.60397692774742;0.8467434307989482;1.0;0.847587447893803
validation;daily_catboost_residual;daily;catboost;residual;0.0;0.8918294676200467;104.71000303582272;0.9031232239085228;0.0;0.9031232239085228
validation;daily_catboost_residual;daily;catboost;residual;0.0;0.8918294676200467;104.71000303582272;0.9031232239085228;0.25;0.9058394457602783
validation;daily_catboost_residual;daily;catboost;residual;0.0;0.8918294676200467;104.71000303582272;0.9031232239085228;0.5;0.9082848608265597
validation;daily_catboost_residual;daily;catboost;residual;0.0;0.8918294676200467;104.71000303582272;0.9031232239085228;0.75;0.909559706898305
validation;daily_catboost_residual;daily;catboost;residual;0.0;0.8918294676200467;104.71000303582272;0.9031232239085228;1.0;0.9080716024430944
validation;daily_catboost_residual;daily;catboost;residual;0.1;0.8923443454892441;104.21159684274438;0.9037143102882822;0.0;0.9037143102882822
validation;daily_catboost_residual;daily;catboost;residual;0.1;0.8923443454892441;104.21159684274438;0.9037143102882822;0.25;0.9063939175572883
validation;daily_catboost_residual;daily;catboost;residual;0.1;0.8923443454892441;104.21159684274438;0.9037143102882822;0.5;0.9087901734300282
validation;daily_catboost_residual;daily;catboost;residual;0.1;0.8923443454892441;104.21159684274438;0.9037143102882822;0.75;0.9099696020559362
validation;daily_catboost_residual;daily;catboost;residual;0.1;0.8923443454892441;104.21159684274438;0.9037143102882822;1.0;0.9083998008229421
validation;daily_catboost_residual;daily;catboost;residual;0.25;0.8926351452481681;103.93010018214936;0.904117149102343;0.0;0.904117149102343
validation;daily_catboost_residual;daily;catboost;residual;0.25;0.8926351452481681;103.93010018214936;0.904117149102343;0.25;0.90673983519988
validation;daily_catboost_residual;daily;catboost;residual;0.25;0.8926351452481681;103.93010018214936;0.904117149102343;0.5;0.9090617642536768
validation;daily_catboost_residual;daily;catboost;residual;0.25;0.8926351452481681;103.93010018214936;0.904117149102343;0.75;0.9100940289142302
validation;daily_catboost_residual;daily;catboost;residual;0.25;0.8926351452481681;103.93010018214936;0.904117149102343;1.0;0.908406543551243
validation;daily_catboost_residual;daily;catboost;residual;0.5;0.891775761005093;104.76199149969642;0.903445385194427;0.0;0.903445385194427
validation;daily_catboost_residual;daily;catboost;residual;0.5;0.891775761005093;104.76199149969642;0.903445385194427;0.25;0.9059689688667065
validation;daily_catboost_residual;daily;catboost;residual;0.5;0.891775761005093;104.76199149969642;0.903445385194427;0.5;0.9081396569566413
validation;daily_catboost_residual;daily;catboost;residual;0.5;0.891775761005093;104.76199149969642;0.903445385194427;0.75;0.9089287129754633
validation;daily_catboost_residual;daily;catboost;residual;0.5;0.891775761005093;104.76199149969642;0.903445385194427;1.0;0.907077990864544
validation;daily_catboost_residual;daily;catboost;residual;0.75;0.8894129835624045;107.04918032786884;0.9012699928754451;0.0;0.9012699928754451
validation;daily_catboost_residual;daily;catboost;residual;0.75;0.8894129835624045;107.04918032786884;0.9012699928754451;0.25;0.9036970614484431
validation;daily_catboost_residual;daily;catboost;residual;0.75;0.8894129835624045;107.04918032786884;0.9012699928754451;0.5;0.9056970644277882
validation;daily_catboost_residual;daily;catboost;residual;0.75;0.8894129835624045;107.04918032786884;0.9012699928754451;0.75;0.9062339737696893
validation;daily_catboost_residual;daily;catboost;residual;0.75;0.8894129835624045;107.04918032786884;0.9012699928754451;1.0;0.9042529445141672
validation;daily_catboost_residual;daily;catboost;residual;1.0;0.8856561862454458;110.68579234972678;0.8977004238745583;0.0;0.8977004238745583
validation;daily_catboost_residual;daily;catboost;residual;1.0;0.8856561862454458;110.68579234972678;0.8977004238745583;0.25;0.9000270571574022
validation;daily_catboost_residual;daily;catboost;residual;1.0;0.8856561862454458;110.68579234972678;0.8977004238745583;0.5;0.9018541797192688
validation;daily_catboost_residual;daily;catboost;residual;1.0;0.8856561862454458;110.68579234972678;0.8977004238745583;0.75;0.9021096193565226
validation;daily_catboost_residual;daily;catboost;residual;1.0;0.8856561862454458;110.68579234972678;0.8977004238745583;1.0;0.9000453252468681
validation;daily_catboost_normalized;daily;catboost;normalized;0.0;0.8918294676200467;104.71000303582272;0.9031232239085228;0.0;0.9031232239085228
validation;daily_catboost_normalized;daily;catboost;normalized;0.0;0.8918294676200467;104.71000303582272;0.9031232239085228;0.25;0.9058394457602783
validation;daily_catboost_normalized;daily;catboost;normalized;0.0;0.8918294676200467;104.71000303582272;0.9031232239085228;0.5;0.9082848608265597
validation;daily_catboost_normalized;daily;catboost;normalized;0.0;0.8918294676200467;104.71000303582272;0.9031232239085228;0.75;0.909559706898305
validation;daily_catboost_normalized;daily;catboost;normalized;0.0;0.8918294676200467;104.71000303582272;0.9031232239085228;1.0;0.9080716024430944
validation;daily_catboost_normalized;daily;catboost;normalized;0.1;0.8922650792298017;104.28832726168793;0.9036058778087481;0.0;0.9036058778087481
validation;daily_catboost_normalized;daily;catboost;normalized;0.1;0.8922650792298017;104.28832726168793;0.9036058778087481;0.25;0.9063126912024095
validation;daily_catboost_normalized;daily;catboost;normalized;0.1;0.8922650792298017;104.28832726168793;0.9036058778087481;0.5;0.9087468945227956
validation;daily_catboost_normalized;daily;catboost;normalized;0.1;0.8922650792298017;104.28832726168793;0.9036058778087481;0.75;0.9100010419867339
validation;daily_catboost_normalized;daily;catboost;normalized;0.1;0.8922650792298017;104.28832726168793;0.9036058778087481;1.0;0.9084924741351686
validation;daily_catboost_normalized;daily;catboost;normalized;0.25;0.8924588150627218;104.10078931390407;0.9038681385781201;0.0;0.9038681385781201
validation;daily_catboost_normalized;daily;catboost;normalized;0.25;0.8924588150627218;104.10078931390407;0.9038681385781201;0.25;0.9065593496121089
validation;daily_catboost_normalized;daily;catboost;normalized;0.25;0.8924588150627218;104.10078931390407;0.9038681385781201;0.5;0.9089756768621161
validation;daily_catboost_normalized;daily;catboost;normalized;0.25;0.8924588150627218;104.10078931390407;0.9038681385781201;0.75;0.910200501298328
validation;daily_catboost_normalized;daily;catboost;normalized;0.25;0.8924588150627218;104.10078931390407;0.9038681385781201;1.0;0.9086619047846792
validation;daily_catboost_normalized;daily;catboost;normalized;0.5;0.8915398439183845;104.99036126290224;0.9030642642378001;0.0;0.9030642642378001
validation;daily_catboost_normalized;daily;catboost;normalized;0.5;0.8915398439183845;104.99036126290224;0.9030642642378001;0.25;0.9057267010707845
validation;daily_catboost_normalized;daily;catboost;normalized;0.5;0.8915398439183845;104.99036126290224;0.9030642642378001;0.5;0.9081135484854304
validation;daily_catboost_normalized;daily;catboost;normalized;0.5;0.8915398439183845;104.99036126290224;0.9030642642378001;0.75;0.9092907818044498
validation;daily_catboost_normalized;daily;catboost;normalized;0.5;0.8915398439183845;104.99036126290224;0.9030642642378001;1.0;0.9077014580209104
validation;daily_catboost_normalized;daily;catboost;normalized;0.75;0.8891630321923722;107.29113539769276;0.9008009812394562;0.0;0.9008009812394562
validation;daily_catboost_normalized;daily;catboost;normalized;0.75;0.8891630321923722;107.29113539769276;0.9008009812394562;0.25;0.903435114294341
validation;daily_catboost_normalized;daily;catboost;normalized;0.75;0.8891630321923722;107.29113539769276;0.9008009812394562;0.5;0.9057873856254911
validation;daily_catboost_normalized;daily;catboost;normalized;0.75;0.8891630321923722;107.29113539769276;0.9008009812394562;0.75;0.9069167142120483
validation;daily_catboost_normalized;daily;catboost;normalized;0.75;0.8891630321923722;107.29113539769276;0.9008009812394562;1.0;0.9052827786563796
validation;daily_catboost_normalized;daily;catboost;normalized;1.0;0.8855359147894767;110.8022161505768;0.8972888822367605;0.0;0.8972888822367605
validation;daily_catboost_normalized;daily;catboost;normalized;1.0;0.8855359147894767;110.8022161505768;0.8972888822367605;0.25;0.8998935354562839
validation;daily_catboost_normalized;daily;catboost;normalized;1.0;0.8855359147894767;110.8022161505768;0.8972888822367605;0.5;0.9022117011268431
validation;daily_catboost_normalized;daily;catboost;normalized;1.0;0.8855359147894767;110.8022161505768;0.8972888822367605;0.75;0.9032815212159554
validation;daily_catboost_normalized;daily;catboost;normalized;1.0;0.8855359147894767;110.8022161505768;0.8972888822367605;1.0;0.9016139504226005
validation;daily_extra_trees_normalized;daily;extra_trees;normalized;0.0;0.8918294676200467;104.71000303582272;0.9031232239085228;0.0;0.9031232239085228
validation;daily_extra_trees_normalized;daily;extra_trees;normalized;0.0;0.8918294676200467;104.71000303582272;0.9031232239085228;0.25;0.9058394457602783
validation;daily_extra_trees_normalized;daily;extra_trees;normalized;0.0;0.8918294676200467;104.71000303582272;0.9031232239085228;0.5;0.9082848608265597
validation;daily_extra_trees_normalized;daily;extra_trees;normalized;0.0;0.8918294676200467;104.71000303582272;0.9031232239085228;0.75;0.909559706898305
validation;daily_extra_trees_normalized;daily;extra_trees;normalized;0.0;0.8918294676200467;104.71000303582272;0.9031232239085228;1.0;0.9080716024430944
validation;daily_extra_trees_normalized;daily;extra_trees;normalized;0.1;0.8917564736660002;104.78066180935032;0.9030337651528118;0.0;0.9030337651528118
validation;daily_extra_trees_normalized;daily;extra_trees;normalized;0.1;0.8917564736660002;104.78066180935032;0.9030337651528118;0.25;0.9057434010839014
validation;daily_extra_trees_normalized;daily;extra_trees;normalized;0.1;0.8917564736660002;104.78066180935032;0.9030337651528118;0.5;0.908178231634827
validation;daily_extra_trees_normalized;daily;extra_trees;normalized;0.1;0.8917564736660002;104.78066180935032;0.9030337651528118;0.75;0.9094227354292189
validation;daily_extra_trees_normalized;daily;extra_trees;normalized;0.1;0.8917564736660002;104.78066180935032;0.9030337651528118;1.0;0.9079147164043758
validation;daily_extra_trees_normalized;daily;extra_trees;normalized;0.25;0.8913646897902;105.15991196114147;0.9026165784401576;0.0;0.9026165784401576
validation;daily_extra_trees_normalized;daily;extra_trees;normalized;0.25;0.8913646897902;105.15991196114147;0.9026165784401576;0.25;0.9053168843169707
validation;daily_extra_trees_normalized;daily;extra_trees;normalized;0.25;0.8913646897902;105.15991196114147;0.9026165784401576;0.5;0.9077344660280571
validation;daily_extra_trees_normalized;daily;extra_trees;normalized;0.25;0.8913646897902;105.15991196114147;0.9026165784401576;0.75;0.9089336524159627
validation;daily_extra_trees_normalized;daily;extra_trees;normalized;0.25;0.8913646897902;105.15991196114147;0.9026165784401576;1.0;0.9073961535557582
validation;daily_extra_trees_normalized;daily;extra_trees;normalized;0.5;0.889988075563404;106.49248633879782;0.9011980181710255;0.0;0.9011980181710255
validation;daily_extra_trees_normalized;daily;extra_trees;normalized;0.5;0.889988075563404;106.49248633879782;0.9011980181710255;0.25;0.903882564880531
validation;daily_extra_trees_normalized;daily;extra_trees;normalized;0.5;0.889988075563404;106.49248633879782;0.9011980181710255;0.5;0.906269255487542
validation;daily_extra_trees_normalized;daily;extra_trees;normalized;0.5;0.889988075563404;106.49248633879782;0.9011980181710255;0.75;0.9073880779625607
validation;daily_extra_trees_normalized;daily;extra_trees;normalized;0.5;0.889988075563404;106.49248633879782;0.9011980181710255;1.0;0.9058088682714726
validation;daily_extra_trees_normalized;daily;extra_trees;normalized;0.75;0.8876939014609846;108.71326654523376;0.8988611139880957;0.0;0.8988611139880957
validation;daily_extra_trees_normalized;daily;extra_trees;normalized;0.75;0.8876939014609846;108.71326654523376;0.8988611139880957;0.25;0.9015296663188412
validation;daily_extra_trees_normalized;daily;extra_trees;normalized;0.75;0.8876939014609846;108.71326654523376;0.8988611139880957;0.5;0.9038798991507377
validation;daily_extra_trees_normalized;daily;extra_trees;normalized;0.75;0.8876939014609846;108.71326654523376;0.8988611139880957;0.75;0.9049175736746952
validation;daily_extra_trees_normalized;daily;extra_trees;normalized;0.75;0.8876939014609846;108.71326654523376;0.8988611139880957;1.0;0.9033026118428495
validation;daily_extra_trees_normalized;daily;extra_trees;normalized;1.0;0.8844972994197098;111.80760473588344;0.8956216250586755;0.0;0.8956216250586755
validation;daily_extra_trees_normalized;daily;extra_trees;normalized;1.0;0.8844972994197098;111.80760473588344;0.8956216250586755;0.25;0.8982739477992088
validation;daily_extra_trees_normalized;daily;extra_trees;normalized;1.0;0.8844972994197098;111.80760473588344;0.8956216250586755;0.5;0.9005861547796418
validation;daily_extra_trees_normalized;daily;extra_trees;normalized;1.0;0.8844972994197098;111.80760473588344;0.8956216250586755;0.75;0.9015375851044037
validation;daily_extra_trees_normalized;daily;extra_trees;normalized;1.0;0.8844972994197098;111.80760473588344;0.8956216250586755;1.0;0.8998925946104745
validation;daily_neural_normalized;daily;neural;normalized;0.0;0.8918294676200467;104.71000303582272;0.9031232239085228;0.0;0.9031232239085228
validation;daily_neural_normalized;daily;neural;normalized;0.0;0.8918294676200467;104.71000303582272;0.9031232239085228;0.25;0.9058394457602783
validation;daily_neural_normalized;daily;neural;normalized;0.0;0.8918294676200467;104.71000303582272;0.9031232239085228;0.5;0.9082848608265597
validation;daily_neural_normalized;daily;neural;normalized;0.0;0.8918294676200467;104.71000303582272;0.9031232239085228;0.75;0.909559706898305
validation;daily_neural_normalized;daily;neural;normalized;0.0;0.8918294676200467;104.71000303582272;0.9031232239085228;1.0;0.9080716024430944
validation;daily_neural_normalized;daily;neural;normalized;0.1;0.8903087471767765;106.18207346690951;0.9018215637312095;0.0;0.9018215637312095
validation;daily_neural_normalized;daily;neural;normalized;0.1;0.8903087471767765;106.18207346690951;0.9018215637312095;0.25;0.9046295964531995
validation;daily_neural_normalized;daily;neural;normalized;0.1;0.8903087471767765;106.18207346690951;0.9018215637312095;0.5;0.9072157463718046
validation;daily_neural_normalized;daily;neural;normalized;0.1;0.8903087471767765;106.18207346690951;0.9018215637312095;0.75;0.9087554405388977
validation;daily_neural_normalized;daily;neural;normalized;0.1;0.8903087471767765;106.18207346690951;0.9018215637312095;1.0;0.9074653057227495
validation;daily_neural_normalized;daily;neural;normalized;0.25;0.8761357675000653;119.90163934426228;0.8879765472228937;0.0;0.8879765472228937
validation;daily_neural_normalized;daily;neural;normalized;0.25;0.8761357675000653;119.90163934426228;0.8879765472228937;0.25;0.8909050866123052
validation;daily_neural_normalized;daily;neural;normalized;0.25;0.8761357675000653;119.90163934426228;0.8879765472228937;0.5;0.8936765831553632
validation;daily_neural_normalized;daily;neural;normalized;0.25;0.8761357675000653;119.90163934426228;0.8879765472228937;0.75;0.8955453381442962
validation;daily_neural_normalized;daily;neural;normalized;0.25;0.8761357675000653;119.90163934426228;0.8879765472228937;1.0;0.894639303629838
validation;daily_neural_normalized;daily;neural;normalized;0.5;0.8334167419277978;161.25402246508804;0.8458046234887958;0.0;0.8458046234887958
validation;daily_neural_normalized;daily;neural;normalized;0.5;0.8334167419277978;161.25402246508804;0.8458046234887958;0.25;0.8489284667874765
validation;daily_neural_normalized;daily;neural;normalized;0.5;0.8334167419277978;161.25402246508804;0.8458046234887958;0.5;0.8519385461470365
validation;daily_neural_normalized;daily;neural;normalized;0.5;0.8334167419277978;161.25402246508804;0.8458046234887958;0.75;0.8542318578074639
validation;daily_neural_normalized;daily;neural;normalized;0.5;0.8334167419277978;161.25402246508804;0.8458046234887958;1.0;0.8540189914430858
validation;daily_neural_normalized;daily;neural;normalized;0.75;0.7802197517876266;212.7491651487553;0.7931566168784132;0.0;0.7931566168784132
validation;daily_neural_normalized;daily;neural;normalized;0.75;0.7802197517876266;212.7491651487553;0.7931566168784132;0.25;0.796462357033579
validation;daily_neural_normalized;daily;neural;normalized;0.75;0.7802197517876266;212.7491651487553;0.7931566168784132;0.5;0.7996613895931948
validation;daily_neural_normalized;daily;neural;normalized;0.75;0.7802197517876266;212.7491651487553;0.7931566168784132;0.75;0.8022685517348765
validation;daily_neural_normalized;daily;neural;normalized;0.75;0.7802197517876266;212.7491651487553;0.7931566168784132;1.0;0.8027165511477887
validation;daily_neural_normalized;daily;neural;normalized;1.0;0.722877551818847;268.2569064966606;0.7363641060737791;0.0;0.7363641060737791
validation;daily_neural_normalized;daily;neural;normalized;1.0;0.722877551818847;268.2569064966606;0.7363641060737791;0.25;0.7398465684334784
validation;daily_neural_normalized;daily;neural;normalized;1.0;0.722877551818847;268.2569064966606;0.7363641060737791;0.5;0.7432037414928918
validation;daily_neural_normalized;daily;neural;normalized;1.0;0.722877551818847;268.2569064966606;0.7363641060737791;0.75;0.7460618742542326
validation;daily_neural_normalized;daily;neural;normalized;1.0;0.722877551818847;268.2569064966606;0.7363641060737791;1.0;0.7470704609619161
validation;hourly_other_catboost_direct;hourly_other;catboost;direct;0.0;0.8918294676200467;104.71000303582272;0.9031232239085228;0.0;0.9031232239085228
validation;hourly_other_catboost_direct;hourly_other;catboost;direct;0.0;0.8918294676200467;104.71000303582272;0.9031232239085228;0.25;0.9058394457602783
validation;hourly_other_catboost_direct;hourly_other;catboost;direct;0.0;0.8918294676200467;104.71000303582272;0.9031232239085228;0.5;0.9082848608265597
validation;hourly_other_catboost_direct;hourly_other;catboost;direct;0.0;0.8918294676200467;104.71000303582272;0.9031232239085228;0.75;0.909559706898305
validation;hourly_other_catboost_direct;hourly_other;catboost;direct;0.0;0.8918294676200467;104.71000303582272;0.9031232239085228;1.0;0.9080716024430944
validation;hourly_other_catboost_direct;hourly_other;catboost;direct;0.1;0.8920009367688109;104.54401942926532;0.9034125339949152;0.0;0.9034125339949152
validation;hourly_other_catboost_direct;hourly_other;catboost;direct;0.1;0.8920009367688109;104.54401942926532;0.9034125339949152;0.25;0.9060752844431694
validation;hourly_other_catboost_direct;hourly_other;catboost;direct;0.1;0.8920009367688109;104.54401942926532;0.9034125339949152;0.5;0.9084345337140727
validation;hourly_other_catboost_direct;hourly_other;catboost;direct;0.1;0.8920009367688109;104.54401942926532;0.9034125339949152;0.75;0.909525758045349
validation;hourly_other_catboost_direct;hourly_other;catboost;direct;0.1;0.8920009367688109;104.54401942926532;0.9034125339949152;1.0;0.9078972323530844
validation;hourly_other_catboost_direct;hourly_other;catboost;direct;0.25;0.8895189855235975;106.94656952034;0.901105501666434;0.0;0.901105501666434
validation;hourly_other_catboost_direct;hourly_other;catboost;direct;0.25;0.8895189855235975;106.94656952034;0.901105501666434;0.25;0.9036822431269449
validation;hourly_other_catboost_direct;hourly_other;catboost;direct;0.25;0.8895189855235975;106.94656952034;0.901105501666434;0.5;0.9058965237393822
validation;hourly_other_catboost_direct;hourly_other;catboost;direct;0.25;0.8895189855235975;106.94656952034;0.901105501666434;0.75;0.9067020445598688
validation;hourly_other_catboost_direct;hourly_other;catboost;direct;0.25;0.8895189855235975;106.94656952034;0.901105501666434;1.0;0.9048946797599996
validation;hourly_other_catboost_direct;hourly_other;catboost;direct;0.5;0.8790501942023357;117.08044930176078;0.8909287645651751;0.0;0.8909287645651751
validation;hourly_other_catboost_direct;hourly_other;catboost;direct;0.5;0.8790501942023357;117.08044930176078;0.8909287645651751;0.25;0.8933438373541033
validation;hourly_other_catboost_direct;hourly_other;catboost;direct;0.5;0.8790501942023357;117.08044930176078;0.8909287645651751;0.5;0.8952544599815547
validation;hourly_other_catboost_direct;hourly_other;catboost;direct;0.5;0.8790501942023357;117.08044930176078;0.8909287645651751;0.75;0.8955618029459607
validation;hourly_other_catboost_direct;hourly_other;catboost;direct;0.5;0.8790501942023357;117.08044930176078;0.8909287645651751;1.0;0.89355889902537
validation;hourly_other_catboost_direct;hourly_other;catboost;direct;0.75;0.8618538065170978;133.72670006071647;0.8740259991762895;0.0;0.8740259991762895
validation;hourly_other_catboost_direct;hourly_other;catboost;direct;0.75;0.8618538065170978;133.72670006071647;0.8740259991762895;0.25;0.8762385549047429
validation;hourly_other_catboost_direct;hourly_other;catboost;direct;0.75;0.8618538065170978;133.72670006071647;0.8740259991762895;0.5;0.8777845213772321
validation;hourly_other_catboost_direct;hourly_other;catboost;direct;0.75;0.8618538065170978;133.72670006071647;0.8740259991762895;0.75;0.8775816122976702
validation;hourly_other_catboost_direct;hourly_other;catboost;direct;0.75;0.8618538065170978;133.72670006071647;0.8740259991762895;1.0;0.8755046951734061
validation;hourly_other_catboost_direct;hourly_other;catboost;direct;1.0;0.8403622225004687;154.53073770491804;0.8528287430903696;0.0;0.8528287430903696
validation;hourly_other_catboost_direct;hourly_other;catboost;direct;1.0;0.8403622225004687;154.53073770491804;0.8528287430903696;0.25;0.8547763723196578
validation;hourly_other_catboost_direct;hourly_other;catboost;direct;1.0;0.8403622225004687;154.53073770491804;0.8528287430903696;0.5;0.8559027215611517
validation;hourly_other_catboost_direct;hourly_other;catboost;direct;1.0;0.8403622225004687;154.53073770491804;0.8528287430903696;0.75;0.8552419341876788
validation;hourly_other_catboost_direct;hourly_other;catboost;direct;1.0;0.8403622225004687;154.53073770491804;0.8528287430903696;1.0;0.8531908903231735
validation;hourly_other_catboost_residual;hourly_other;catboost;residual;0.0;0.8918294676200467;104.71000303582272;0.9031232239085228;0.0;0.9031232239085228
validation;hourly_other_catboost_residual;hourly_other;catboost;residual;0.0;0.8918294676200467;104.71000303582272;0.9031232239085228;0.25;0.9058394457602783
validation;hourly_other_catboost_residual;hourly_other;catboost;residual;0.0;0.8918294676200467;104.71000303582272;0.9031232239085228;0.5;0.9082848608265597
validation;hourly_other_catboost_residual;hourly_other;catboost;residual;0.0;0.8918294676200467;104.71000303582272;0.9031232239085228;0.75;0.909559706898305
validation;hourly_other_catboost_residual;hourly_other;catboost;residual;0.0;0.8918294676200467;104.71000303582272;0.9031232239085228;1.0;0.9080716024430944
validation;hourly_other_catboost_residual;hourly_other;catboost;residual;0.1;0.8924473681053741;104.1118700667881;0.903704509811101;0.0;0.903704509811101
validation;hourly_other_catboost_residual;hourly_other;catboost;residual;0.1;0.8924473681053741;104.1118700667881;0.903704509811101;0.25;0.9063810593312264
validation;hourly_other_catboost_residual;hourly_other;catboost;residual;0.1;0.8924473681053741;104.1118700667881;0.903704509811101;0.5;0.9087721405520146
validation;hourly_other_catboost_residual;hourly_other;catboost;residual;0.1;0.8924473681053741;104.1118700667881;0.903704509811101;0.75;0.9099380053175037
validation;hourly_other_catboost_residual;hourly_other;catboost;residual;0.1;0.8924473681053741;104.1118700667881;0.903704509811101;1.0;0.9083689881226841
validation;hourly_other_catboost_residual;hourly_other;catboost;residual;0.25;0.8928137491443203;103.7572100789314;0.9040133424480384;0.0;0.9040133424480384
validation;hourly_other_catboost_residual;hourly_other;catboost;residual;0.25;0.8928137491443203;103.7572100789314;0.9040133424480384;0.25;0.9066287369905526
validation;hourly_other_catboost_residual;hourly_other;catboost;residual;0.25;0.8928137491443203;103.7572100789314;0.9040133424480384;0.5;0.908933887627415
validation;hourly_other_catboost_residual;hourly_other;catboost;residual;0.25;0.8928137491443203;103.7572100789314;0.9040133424480384;0.75;0.9099377701060514
validation;hourly_other_catboost_residual;hourly_other;catboost;residual;0.25;0.8928137491443203;103.7572100789314;0.9040133424480384;1.0;0.9082528720690399
validation;hourly_other_catboost_residual;hourly_other;catboost;residual;0.5;0.8918992470175776;104.64245598057072;0.9030048341441725;0.0;0.9030048341441725
validation;hourly_other_catboost_residual;hourly_other;catboost;residual;0.5;0.8918992470175776;104.64245598057072;0.9030048341441725;0.25;0.9055138347064063
validation;hourly_other_catboost_residual;hourly_other;catboost;residual;0.5;0.8918992470175776;104.64245598057072;0.9030048341441725;0.5;0.9076472809830521
validation;hourly_other_catboost_residual;hourly_other;catboost;residual;0.5;0.8918992470175776;104.64245598057072;0.9030048341441725;0.75;0.9083889026923165
validation;hourly_other_catboost_residual;hourly_other;catboost;residual;0.5;0.8918992470175776;104.64245598057072;0.9030048341441725;1.0;0.9065389646195717
validation;hourly_other_catboost_residual;hourly_other;catboost;residual;0.75;0.8892085064064935;107.24711596842744;0.9002207929903224;0.0;0.9002207929903224
validation;hourly_other_catboost_residual;hourly_other;catboost;residual;0.75;0.8892085064064935;107.24711596842744;0.9002207929903224;0.25;0.9026275549746007
validation;hourly_other_catboost_residual;hourly_other;catboost;residual;0.75;0.8892085064064935;107.24711596842744;0.9002207929903224;0.5;0.9045622475740095
validation;hourly_other_catboost_residual;hourly_other;catboost;residual;0.75;0.8892085064064935;107.24711596842744;0.9002207929903224;0.75;0.9050376883230293
validation;hourly_other_catboost_residual;hourly_other;catboost;residual;0.75;0.8892085064064935;107.24711596842744;0.9002207929903224;1.0;0.9030582271438563
validation;hourly_other_catboost_residual;hourly_other;catboost;residual;1.0;0.8848715992442185;111.44527929568912;0.8957937214379793;0.0;0.8957937214379793
validation;hourly_other_catboost_residual;hourly_other;catboost;residual;1.0;0.8848715992442185;111.44527929568912;0.8957937214379793;0.25;0.8980838969457088
validation;hourly_other_catboost_residual;hourly_other;catboost;residual;1.0;0.8848715992442185;111.44527929568912;0.8957937214379793;0.5;0.8998137987739367
validation;hourly_other_catboost_residual;hourly_other;catboost;residual;1.0;0.8848715992442185;111.44527929568912;0.8957937214379793;0.75;0.9000098867213805
validation;hourly_other_catboost_residual;hourly_other;catboost;residual;1.0;0.8848715992442185;111.44527929568912;0.8957937214379793;1.0;0.897941750824671
validation;hourly_other_catboost_normalized;hourly_other;catboost;normalized;0.0;0.8918294676200467;104.71000303582272;0.9031232239085228;0.0;0.9031232239085228
validation;hourly_other_catboost_normalized;hourly_other;catboost;normalized;0.0;0.8918294676200467;104.71000303582272;0.9031232239085228;0.25;0.9058394457602783
validation;hourly_other_catboost_normalized;hourly_other;catboost;normalized;0.0;0.8918294676200467;104.71000303582272;0.9031232239085228;0.5;0.9082848608265597
validation;hourly_other_catboost_normalized;hourly_other;catboost;normalized;0.0;0.8918294676200467;104.71000303582272;0.9031232239085228;0.75;0.909559706898305
validation;hourly_other_catboost_normalized;hourly_other;catboost;normalized;0.0;0.8918294676200467;104.71000303582272;0.9031232239085228;1.0;0.9080716024430944
validation;hourly_other_catboost_normalized;hourly_other;catboost;normalized;0.1;0.8923005177552893;104.25402246508804;0.9036260275898329;0.0;0.9036260275898329
validation;hourly_other_catboost_normalized;hourly_other;catboost;normalized;0.1;0.8923005177552893;104.25402246508804;0.9036260275898329;0.25;0.9063182578734486
validation;hourly_other_catboost_normalized;hourly_other;catboost;normalized;0.1;0.8923005177552893;104.25402246508804;0.9036260275898329;0.5;0.9087333306623766
validation;hourly_other_catboost_normalized;hourly_other;catboost;normalized;0.1;0.8923005177552893;104.25402246508804;0.9036260275898329;0.75;0.9099384757404084
validation;hourly_other_catboost_normalized;hourly_other;catboost;normalized;0.1;0.8923005177552893;104.25402246508804;0.9036260275898329;1.0;0.908399957630577
validation;hourly_other_catboost_normalized;hourly_other;catboost;normalized;0.25;0.8925554869696384;104.0072100789314;0.903924667730502;0.0;0.903924667730502
validation;hourly_other_catboost_normalized;hourly_other;catboost;normalized;0.25;0.8925554869696384;104.0072100789314;0.903924667730502;0.25;0.9065818515077172
validation;hourly_other_catboost_normalized;hourly_other;catboost;normalized;0.25;0.8925554869696384;104.0072100789314;0.903924667730502;0.5;0.9089443937389534
validation;hourly_other_catboost_normalized;hourly_other;catboost;normalized;0.25;0.8925554869696384;104.0072100789314;0.903924667730502;0.75;0.9100465946046726
validation;hourly_other_catboost_normalized;hourly_other;catboost;normalized;0.25;0.8925554869696384;104.0072100789314;0.903924667730502;1.0;0.9084365722133264
validation;hourly_other_catboost_normalized;hourly_other;catboost;normalized;0.5;0.891744085862843;104.79265330904676;0.9031889263075463;0.0;0.9031889263075463
validation;hourly_other_catboost_normalized;hourly_other;catboost;normalized;0.5;0.891744085862843;104.79265330904676;0.9031889263075463;0.25;0.9057816621468173
validation;hourly_other_catboost_normalized;hourly_other;catboost;normalized;0.5;0.891744085862843;104.79265330904676;0.9031889263075463;0.5;0.908047532471137
validation;hourly_other_catboost_normalized;hourly_other;catboost;normalized;0.5;0.891744085862843;104.79265330904676;0.9031889263075463;0.75;0.9089847717049404
validation;hourly_other_catboost_normalized;hourly_other;catboost;normalized;0.5;0.891744085862843;104.79265330904676;0.9031889263075463;1.0;0.9072630238737271
validation;hourly_other_catboost_normalized;hourly_other;catboost;normalized;0.75;0.8895657926026155;106.9012598664238;0.9010855870968015;0.0;0.9010855870968015
validation;hourly_other_catboost_normalized;hourly_other;catboost;normalized;0.75;0.8895657926026155;106.9012598664238;0.9010855870968015;0.25;0.9036101116148905
validation;hourly_other_catboost_normalized;hourly_other;catboost;normalized;0.75;0.8895657926026155;106.9012598664238;0.9010855870968015;0.5;0.905770136785652
validation;hourly_other_catboost_normalized;hourly_other;catboost;normalized;0.75;0.8895657926026155;106.9012598664238;0.9010855870968015;0.75;0.9065310458340092
validation;hourly_other_catboost_normalized;hourly_other;catboost;normalized;0.75;0.8895657926026155;106.9012598664238;0.9010855870968015;1.0;0.9047271308021079
validation;hourly_other_catboost_normalized;hourly_other;catboost;normalized;1.0;0.8860729025351952;110.2824074074074;0.8976682783094035;0.0;0.8976682783094035
validation;hourly_other_catboost_normalized;hourly_other;catboost;normalized;1.0;0.8860729025351952;110.2824074074074;0.8976682783094035;0.25;0.9001111060497091
validation;hourly_other_catboost_normalized;hourly_other;catboost;normalized;1.0;0.8860729025351952;110.2824074074074;0.8976682783094035;0.5;0.9021574456851674
validation;hourly_other_catboost_normalized;hourly_other;catboost;normalized;1.0;0.8860729025351952;110.2824074074074;0.8976682783094035;0.75;0.9027361442617696
validation;hourly_other_catboost_normalized;hourly_other;catboost;normalized;1.0;0.8860729025351952;110.2824074074074;0.8976682783094035;1.0;0.9008741320011375
validation;hourly_other_extra_trees_normalized;hourly_other;extra_trees;normalized;0.0;0.8918294676200467;104.71000303582272;0.9031232239085228;0.0;0.9031232239085228
validation;hourly_other_extra_trees_normalized;hourly_other;extra_trees;normalized;0.0;0.8918294676200467;104.71000303582272;0.9031232239085228;0.25;0.9058394457602783
validation;hourly_other_extra_trees_normalized;hourly_other;extra_trees;normalized;0.0;0.8918294676200467;104.71000303582272;0.9031232239085228;0.5;0.9082848608265597
validation;hourly_other_extra_trees_normalized;hourly_other;extra_trees;normalized;0.0;0.8918294676200467;104.71000303582272;0.9031232239085228;0.75;0.909559706898305
validation;hourly_other_extra_trees_normalized;hourly_other;extra_trees;normalized;0.0;0.8918294676200467;104.71000303582272;0.9031232239085228;1.0;0.9080716024430944
validation;hourly_other_extra_trees_normalized;hourly_other;extra_trees;normalized;0.1;0.8916982196296345;104.83705221615058;0.902954263681917;0.0;0.902954263681917
validation;hourly_other_extra_trees_normalized;hourly_other;extra_trees;normalized;0.1;0.8916982196296345;104.83705221615058;0.902954263681917;0.25;0.9056574704999757
validation;hourly_other_extra_trees_normalized;hourly_other;extra_trees;normalized;0.1;0.8916982196296345;104.83705221615058;0.902954263681917;0.5;0.9080851663035132
validation;hourly_other_extra_trees_normalized;hourly_other;extra_trees;normalized;0.1;0.8916982196296345;104.83705221615058;0.902954263681917;0.75;0.9093139893344151
validation;hourly_other_extra_trees_normalized;hourly_other;extra_trees;normalized;0.1;0.8916982196296345;104.83705221615058;0.902954263681917;1.0;0.9077927200644229
validation;hourly_other_extra_trees_normalized;hourly_other;extra_trees;normalized;0.25;0.8911922797956263;105.32680631451124;0.902388658542829;0.0;0.902388658542829
validation;hourly_other_extra_trees_normalized;hourly_other;extra_trees;normalized;0.25;0.8911922797956263;105.32680631451124;0.902388658542829;0.25;0.9050727348294297
validation;hourly_other_extra_trees_normalized;hourly_other;extra_trees;normalized;0.25;0.8911922797956263;105.32680631451124;0.902388658542829;0.5;0.9074734597197643
validation;hourly_other_extra_trees_normalized;hourly_other;extra_trees;normalized;0.25;0.8911922797956263;105.32680631451124;0.902388658542829;0.75;0.9086317977187782
validation;hourly_other_extra_trees_normalized;hourly_other;extra_trees;normalized;0.25;0.8911922797956263;105.32680631451124;0.902388658542829;1.0;0.9070592523521733
validation;hourly_other_extra_trees_normalized;hourly_other;extra_trees;normalized;0.5;0.8895144381021854;106.95097146326654;0.9006139097310193;0.0;0.9006139097310193
validation;hourly_other_extra_trees_normalized;hourly_other;extra_trees;normalized;0.5;0.8895144381021854;106.95097146326654;0.9006139097310193;0.25;0.9032670165097271
validation;hourly_other_extra_trees_normalized;hourly_other;extra_trees;normalized;0.5;0.8895144381021854;106.95097146326654;0.9006139097310193;0.5;0.9056148188232825
validation;hourly_other_extra_trees_normalized;hourly_other;extra_trees;normalized;0.5;0.8895144381021854;106.95097146326654;0.9006139097310193;0.75;0.906654218231224
validation;hourly_other_extra_trees_normalized;hourly_other;extra_trees;normalized;0.5;0.8895144381021854;106.95097146326654;0.9006139097310193;1.0;0.9050048371235176
validation;hourly_other_extra_trees_normalized;hourly_other;extra_trees;normalized;0.75;0.8867652866471007;109.61217364905887;0.8977655774468597;0.0;0.8977655774468597
validation;hourly_other_extra_trees_normalized;hourly_other;extra_trees;normalized;0.75;0.8867652866471007;109.61217364905887;0.8977655774468597;0.25;0.9003856762184208
validation;hourly_other_extra_trees_normalized;hourly_other;extra_trees;normalized;0.75;0.8867652866471007;109.61217364905887;0.8977655774468597;0.5;0.9026746756688885
validation;hourly_other_extra_trees_normalized;hourly_other;extra_trees;normalized;0.75;0.8867652866471007;109.61217364905887;0.8977655774468597;0.75;0.9035927059674165
validation;hourly_other_extra_trees_normalized;hourly_other;extra_trees;normalized;0.75;0.8867652866471007;109.61217364905887;0.8977655774468597;1.0;0.901875427153798
validation;hourly_other_extra_trees_normalized;hourly_other;extra_trees;normalized;1.0;0.8831175490402158;113.14321493624772;0.8940195214528918;0.0;0.8940195214528918
validation;hourly_other_extra_trees_normalized;hourly_other;extra_trees;normalized;1.0;0.8831175490402158;113.14321493624772;0.8940195214528918;0.25;0.8966057497753143
validation;hourly_other_extra_trees_normalized;hourly_other;extra_trees;normalized;1.0;0.8831175490402158;113.14321493624772;0.8940195214528918;0.5;0.8988324965947262
validation;hourly_other_extra_trees_normalized;hourly_other;extra_trees;normalized;1.0;0.8831175490402158;113.14321493624772;0.8940195214528918;0.75;0.8996268056693173
validation;hourly_other_extra_trees_normalized;hourly_other;extra_trees;normalized;1.0;0.8831175490402158;113.14321493624772;0.8940195214528918;1.0;0.8978501751658887
validation;hourly_other_neural_normalized;hourly_other;neural;normalized;0.0;0.8918294676200467;104.71000303582272;0.9031232239085228;0.0;0.9031232239085228
validation;hourly_other_neural_normalized;hourly_other;neural;normalized;0.0;0.8918294676200467;104.71000303582272;0.9031232239085228;0.25;0.9058394457602783
validation;hourly_other_neural_normalized;hourly_other;neural;normalized;0.0;0.8918294676200467;104.71000303582272;0.9031232239085228;0.5;0.9082848608265597
validation;hourly_other_neural_normalized;hourly_other;neural;normalized;0.0;0.8918294676200467;104.71000303582272;0.9031232239085228;0.75;0.909559706898305
validation;hourly_other_neural_normalized;hourly_other;neural;normalized;0.0;0.8918294676200467;104.71000303582272;0.9031232239085228;1.0;0.9080716024430944
validation;hourly_other_neural_normalized;hourly_other;neural;normalized;0.1;0.8920067386513022;104.53840315725562;0.9031353765002277;0.0;0.9031353765002277
validation;hourly_other_neural_normalized;hourly_other;neural;normalized;0.1;0.8920067386513022;104.53840315725562;0.9031353765002277;0.25;0.9059013063722468
validation;hourly_other_neural_normalized;hourly_other;neural;normalized;0.1;0.8920067386513022;104.53840315725562;0.9031353765002277;0.5;0.9084186177391302
validation;hourly_other_neural_normalized;hourly_other;neural;normalized;0.1;0.8920067386513022;104.53840315725562;0.9031353765002277;0.75;0.909852780367935
validation;hourly_other_neural_normalized;hourly_other;neural;normalized;0.1;0.8920067386513022;104.53840315725562;0.9031353765002277;1.0;0.9084695802204731
validation;hourly_other_neural_normalized;hourly_other;neural;normalized;0.25;0.8894009877783345;107.06079234972678;0.9002809287183069;0.0;0.9002809287183069
validation;hourly_other_neural_normalized;hourly_other;neural;normalized;0.25;0.8894009877783345;107.06079234972678;0.9002809287183069;0.25;0.9031124825855321
validation;hourly_other_neural_normalized;hourly_other;neural;normalized;0.25;0.8894009877783345;107.06079234972678;0.9002809287183069;0.5;0.9057267794746019
validation;hourly_other_neural_normalized;hourly_other;neural;normalized;0.25;0.8894009877783345;107.06079234972678;0.9002809287183069;0.75;0.9073749061212291
validation;hourly_other_neural_normalized;hourly_other;neural;normalized;0.25;0.8894009877783345;107.06079234972678;0.9002809287183069;1.0;0.9061864610563143
validation;hourly_other_neural_normalized;hourly_other;neural;normalized;0.5;0.877984999938453;118.1115664845173;0.8884487734153981;0.0;0.8884487734153981
validation;hourly_other_neural_normalized;hourly_other;neural;normalized;0.5;0.877984999938453;118.1115664845173;0.8884487734153981;0.25;0.8913830362834835
validation;hourly_other_neural_normalized;hourly_other;neural;normalized;0.5;0.877984999938453;118.1115664845173;0.8884487734153981;0.5;0.8941402633317656
validation;hourly_other_neural_normalized;hourly_other;neural;normalized;0.5;0.877984999938453;118.1115664845173;0.8884487734153981;0.75;0.8961020836520122
validation;hourly_other_neural_normalized;hourly_other;neural;normalized;0.5;0.877984999938453;118.1115664845173;0.8884487734153981;1.0;0.8952800196260435
validation;hourly_other_neural_normalized;hourly_other;neural;normalized;0.75;0.8603123874660208;135.21880692167576;0.8703630512288191;0.0;0.8703630512288191
validation;hourly_other_neural_normalized;hourly_other;neural;normalized;0.75;0.8603123874660208;135.21880692167576;0.8703630512288191;0.25;0.873397122156519
validation;hourly_other_neural_normalized;hourly_other;neural;normalized;0.75;0.8603123874660208;135.21880692167576;0.8703630512288191;0.5;0.876276345544754
validation;hourly_other_neural_normalized;hourly_other;neural;normalized;0.75;0.8603123874660208;135.21880692167576;0.8703630512288191;0.75;0.8784783167578516
validation;hourly_other_neural_normalized;hourly_other;neural;normalized;0.75;0.8603123874660208;135.21880692167576;0.8703630512288191;1.0;0.8780646582169828
validation;hourly_other_neural_normalized;hourly_other;neural;normalized;1.0;0.8387071179140884;156.13289313904068;0.8483444367512877;0.0;0.8483444367512877
validation;hourly_other_neural_normalized;hourly_other;neural;normalized;1.0;0.8387071179140884;156.13289313904068;0.8483444367512877;0.25;0.8514715730103013
validation;hourly_other_neural_normalized;hourly_other;neural;normalized;1.0;0.8387071179140884;156.13289313904068;0.8483444367512877;0.5;0.8544674612789027
validation;hourly_other_neural_normalized;hourly_other;neural;normalized;1.0;0.8387071179140884;156.13289313904068;0.8483444367512877;0.75;0.8568676373425151
validation;hourly_other_neural_normalized;hourly_other;neural;normalized;1.0;0.8387071179140884;156.13289313904068;0.8483444367512877;1.0;0.8568479579843351
