period;variant;rows;absolute_error;target_sum;mae;wape_score;full_minus_variant
2025-05;full;6696;678719;6000921;101.3618578255675;0.8868975278961346;0.0
2025-05;without_all_four;6696;1093694;6000921;163.33542413381124;0.8177456427105105;0.0691518851856241
2025-05;without_calendar;6696;1093651;6000921;163.32900238948625;0.8177528082772627;0.06914471961887192
2025-05;without_crashes;6696;678806;6000921;101.37485065710872;0.886883030121543;1.4497774591615276e-05
2025-05;without_events;6696;678719;6000921;101.3618578255675;0.8868975278961346;0.0
2025-05;without_weather;6696;678719;6000921;101.3618578255675;0.8868975278961346;0.0
2025-06;full;6480;850745;5554987;131.28780864197532;0.8468502266521956;0.0
2025-06;without_all_four;6480;1056296;5554987;163.00864197530865;0.8098472597685648;0.037002966883630806
2025-06;without_calendar;6480;1056193;5554987;162.99274691358025;0.8098658016661425;0.03698442498605303
2025-06;without_crashes;6480;850957;5554987;131.32052469135803;0.8468120627465014;3.816390569411077e-05
2025-06;without_events;6480;850745;5554987;131.28780864197532;0.8468502266521956;0.0
2025-06;without_weather;6480;850745;5554987;131.28780864197532;0.8468502266521956;0.0
2025-07;full;6696;1083140;5407676;161.75925925925927;0.7997032366584093;0.0
2025-07;without_all_four;6696;1082825;5407676;161.71221624850656;0.7997614871896911;-5.825053128183377e-05
2025-07;without_calendar;6696;1083456;5407676;161.80645161290323;0.7996448012048059;5.843545360340041e-05
2025-07;without_crashes;6696;1081922;5407676;161.5773596176822;0.7999284720460323;-0.0002252353876230906
2025-07;without_events;6696;1082894;5407676;161.72252090800478;0.7997487275495055;-4.549089109628923e-05
2025-07;without_weather;6696;1083001;5407676;161.73850059737157;0.7997289408611019;-2.570420269265572e-05
2025-08;full;6696;907214;5309977;135.48596176821982;0.8291491658061796;0.0
2025-08;without_all_four;6696;906788;5309977;135.42234169653526;0.8292293921423766;-8.022633619697572e-05
2025-08;without_calendar;6696;907492;5309977;135.52747909199522;0.8290968115304455;5.2354275734134426e-05
2025-08;without_crashes;6696;906266;5309977;135.34438470728793;0.8293276976529277;-0.00017853184674809786
2025-08;without_events;6696;907022;5309977;135.4572879330944;0.8291853241548881;-3.6158348708514865e-05
2025-08;without_weather;6696;907055;5309977;135.46221624850656;0.8291791094387038;-2.9943632524176422e-05
2025-09;full;6480;674001;6147694;104.0125;0.8903652328824434;0.0
2025-09;without_all_four;6480;673763;6147694;103.97577160493827;0.8904039465855002;-3.8713703056747484e-05
2025-09;without_calendar;6480;673784;6147694;103.97901234567901;0.8904005306705246;-3.52977880812011e-05
2025-09;without_crashes;6480;674025;6147694;104.01620370370371;0.8903613289796142;3.90390282922759e-06
2025-09;without_events;6480;674013;6147694;104.01435185185186;0.8903632809310288;1.951951414613795e-06
2025-09;without_weather;6480;674173;6147694;104.03904320987654;0.8903372549121671;2.79779702763161e-05
2025-10;full;6696;702699;6606787;104.94310035842294;0.8936398282553986;0.0
2025-10;without_all_four;6696;703039;6606787;104.99387694145759;0.8935883660242112;5.146223118734916e-05
2025-10;without_calendar;6696;703063;6606787;104.99746117084827;0.8935847333961273;5.5094859271243024e-05
2025-10;without_crashes;6696;702641;6606787;104.9344384707288;0.8936486071066011;-8.778851202539961e-06
2025-10;without_events;6696;702570;6606787;104.92383512544802;0.8936593536313491;-1.952537595051318e-05
2025-10;without_weather;6696;702666;6606787;104.93817204301075;0.8936448231190138;-4.994863615270795e-06
all_six_months;full;39744;4896518;35028042;123.20143921095008;0.8602114842730861;0.0
all_six_months;without_all_four;39744;5516405;35028042;138.79843498389695;0.8425146058692061;0.017696878403880012
all_six_months;without_calendar;39744;5517639;35028042;138.8294836956522;0.8424793769517577;0.01773210732132846
all_six_months;without_crashes;39744;4894617;35028042;123.15360809178743;0.8602657550770323;-5.42708039461548e-05
all_six_months;without_events;39744;4895963;35028042;123.18747483896941;0.8602273287213713;-1.584444828517384e-05
all_six_months;without_weather;39744;4896359;35028042;123.19743860708535;0.8602160234934056;-4.539220319510484e-06
autumn;full;13176;1376700;12754481;104.48542805100182;0.8920614645158826;0.0
autumn;without_all_four;13176;1376802;12754481;104.4931693989071;0.8920534673265027;7.997189379937986e-06
autumn;without_calendar;13176;1376847;12754481;104.49658469945355;0.8920499391547174;1.152536116522107e-05
autumn;without_crashes;13176;1376666;12754481;104.48284760170006;0.892064130245676;-2.6657297933496693e-06
autumn;without_events;13176;1376583;12754481;104.47654826958106;0.8920706377625244;-9.173246641736021e-06
autumn;without_weather;13176;1376839;12754481;104.49597753491196;0.892050566385257;1.0898130625602853e-05
