route;date;sum;max
1;2025-01-01;1860;217
1;2025-01-02;5610;600
1;2025-01-03;7268;757
1;2025-01-04;6760;655
1;2025-01-05;7277;699
1;2025-01-06;8006;786
1;2025-01-07;6639;703
1;2025-01-08;7332;791
1;2025-01-09;23116;1943
1;2025-01-10;19432;1635
1;2025-01-11;8940;978
1;2025-01-12;8182;832
1;2025-01-13;19893;1643
1;2025-01-14;20675;1781
1;2025-01-15;21147;1687
1;2025-01-16;21714;1789
1;2025-01-17;20597;1811
1;2025-01-18;10842;1100
1;2025-01-19;10629;1268
1;2025-01-20;19374;1679
1;2025-01-21;19933;1591
1;2025-01-22;21181;1751
1;2025-01-23;21789;1789
1;2025-01-24;20836;1762
1;2025-01-25;9953;1074
1;2025-01-26;7916;847
1;2025-01-27;20835;1767
1;2025-01-28;21288;1796
1;2025-01-29;19643;1673
1;2025-01-30;23335;1880
1;2025-01-31;21922;1944
1;2025-02-01;10014;941
1;2025-02-02;8235;878
1;2025-02-03;20647;1845
1;2025-02-04;20270;1847
1;2025-02-05;20890;1785
1;2025-02-06;21998;1789
1;2025-02-07;20744;1726
1;2025-02-08;10485;1126
1;2025-02-09;8770;916
1;2025-02-10;21010;1994
1;2025-02-11;20822;1707
1;2025-02-12;21762;1888
1;2025-02-13;19923;1779
1;2025-02-14;20846;1622
1;2025-02-15;10379;1099
1;2025-02-16;9006;989
1;2025-02-17;19712;1803
1;2025-02-18;20696;1620
1;2025-02-19;21539;1709
1;2025-02-20;20260;1733
1;2025-02-21;24038;2147
1;2025-02-22;11304;1014
1;2025-02-23;8745;941
1;2025-02-24;20365;1886
1;2025-02-25;21429;1926
1;2025-02-26;21673;1834
1;2025-02-27;22639;1832
1;2025-02-28;21674;1986
1;2025-03-01;10930;1035
1;2025-03-02;8395;880
1;2025-03-03;20320;1895
1;2025-03-04;22310;1955
1;2025-03-05;22060;1885
1;2025-03-06;22641;1820
1;2025-03-07;24230;2108
1;2025-03-08;10291;1010
1;2025-03-09;9743;978
1;2025-03-10;23087;2196
1;2025-03-11;22718;1906
1;2025-03-12;21712;1985
1;2025-03-13;21832;1933
1;2025-03-14;20892;1747
1;2025-03-15;11039;1010
1;2025-03-16;9914;984
1;2025-03-17;21821;1927
1;2025-03-18;22080;1812
1;2025-03-19;22539;2066
1;2025-03-20;23124;2098
1;2025-03-21;22288;1875
1;2025-03-22;11549;1075
1;2025-03-23;9396;957
1;2025-03-24;21366;1851
1;2025-03-25;21836;1935
1;2025-03-26;22225;1864
1;2025-03-27;21682;1847
1;2025-03-28;22807;1816
1;2025-03-29;10833;1085
1;2025-03-30;10879;1026
1;2025-03-31;16502;1359
1;2025-04-01;18130;1923
1;2025-04-02;18834;1856
1;2025-04-03;17152;1546
1;2025-04-04;18930;1638
1;2025-04-05;10241;828
1;2025-04-06;7239;625
1;2025-04-07;22251;2040
1;2025-04-08;25109;2014
1;2025-04-09;27083;2645
1;2025-04-10;24547;2110
1;2025-04-11;20857;1794
1;2025-04-12;12235;1110
1;2025-04-13;11368;1088
1;2025-04-14;22002;1940
1;2025-04-15;22931;2074
1;2025-04-16;24739;2146
1;2025-04-17;22623;2110
1;2025-04-18;24680;2130
1;2025-04-19;12466;1392
1;2025-04-20;9396;806
1;2025-04-21;22832;2193
1;2025-04-22;25605;2272
1;2025-04-23;23393;2256
1;2025-04-24;23281;2270
1;2025-04-25;21678;2024
1;2025-04-26;10832;977
1;2025-04-27;8719;827
1;2025-04-28;22530;1971
1;2025-04-29;21865;1909
1;2025-04-30;21148;2051
1;2025-05-01;7040;587
1;2025-05-02;7352;642
1;2025-05-03;8425;753
1;2025-05-04;8551;1024
1;2025-05-05;20093;1825
1;2025-05-06;22484;1904
1;2025-05-07;20165;1695
1;2025-05-08;9948;898
1;2025-05-09;6821;605
1;2025-05-10;8415;785
1;2025-05-11;7951;720
1;2025-05-12;22124;1866
1;2025-05-13;22090;1948
1;2025-05-14;22229;2063
1;2025-05-15;24419;2185
1;2025-05-16;21614;1873
1;2025-05-17;10187;919
1;2025-05-18;8722;860
1;2025-05-19;21381;1989
1;2025-05-20;21519;1808
1;2025-05-21;23052;2088
1;2025-05-22;21468;1922
1;2025-05-23;22325;1856
1;2025-05-24;10696;1041
1;2025-05-25;9528;888
1;2025-05-26;20606;1746
1;2025-05-27;21529;1800
1;2025-05-28;21660;1822
1;2025-05-29;21809;1965
1;2025-05-30;20023;1858
1;2025-05-31;9761;952
1;2025-06-01;8850;852
1;2025-06-02;21087;1827
1;2025-06-03;21174;1861
1;2025-06-04;20921;1740
1;2025-06-05;22791;2129
1;2025-06-06;20995;1722
1;2025-06-07;10626;953
1;2025-06-08;8499;913
1;2025-06-09;20572;1924
1;2025-06-10;21825;1764
1;2025-06-11;20040;1598
1;2025-06-12;9820;908
1;2025-06-13;7961;780
1;2025-06-14;6953;587
1;2025-06-15;7827;756
1;2025-06-16;19754;1711
1;2025-06-17;18991;1724
1;2025-06-18;17712;1713
1;2025-06-19;18469;1520
1;2025-06-20;18041;1620
1;2025-06-21;9930;860
1;2025-06-22;7938;793
1;2025-06-23;19159;1575
1;2025-06-24;19023;1633
1;2025-06-25;17705;1496
1;2025-06-26;19519;1606
1;2025-06-27;18051;1896
1;2025-06-28;9434;888
1;2025-06-29;7844;835
1;2025-06-30;17686;1571
1;2025-07-01;17109;1427
1;2025-07-02;19064;1562
1;2025-07-03;19059;1638
1;2025-07-04;18685;1623
1;2025-07-05;9423;856
1;2025-07-06;8232;775
1;2025-07-07;16074;1440
1;2025-07-08;17915;1552
1;2025-07-09;16719;1542
1;2025-07-10;16764;1528
1;2025-07-11;16253;1444
1;2025-07-12;7454;748
1;2025-07-13;7800;740
1;2025-07-14;15171;1343
1;2025-07-15;15503;1562
1;2025-07-16;18622;1555
1;2025-07-17;16877;1556
1;2025-07-18;17026;1550
1;2025-07-19;8398;813
1;2025-07-20;8172;761
1;2025-07-21;13946;1403
1;2025-07-22;16647;1388
1;2025-07-23;17796;1524
1;2025-07-24;16091;1416
1;2025-07-25;16663;1395
1;2025-07-26;8546;715
1;2025-07-27;8148;742
1;2025-07-28;17275;1552
1;2025-07-29;17342;1568
1;2025-07-30;18257;1827
1;2025-07-31;19126;1755
1;2025-08-01;15848;1508
1;2025-08-02;8539;804
1;2025-08-03;7979;750
1;2025-08-04;14467;1426
1;2025-08-05;17193;1503
1;2025-08-06;19183;1687
1;2025-08-07;16585;1480
1;2025-08-08;16547;1379
1;2025-08-09;8226;772
1;2025-08-10;7053;691
1;2025-08-11;15735;1313
1;2025-08-12;17067;1548
1;2025-08-13;18403;1690
1;2025-08-14;17392;1509
1;2025-08-15;17063;1436
1;2025-08-16;8319;758
1;2025-08-17;8833;813
1;2025-08-18;17199;1523
1;2025-08-19;18138;1520
1;2025-08-20;18273;1630
1;2025-08-21;17482;1585
1;2025-08-22;17147;1636
1;2025-08-23;7551;680
1;2025-08-24;8110;768
1;2025-08-25;18753;1597
1;2025-08-26;18088;1520
1;2025-08-27;19152;1680
1;2025-08-28;19795;1749
1;2025-08-29;17959;1557
1;2025-08-30;9984;910
1;2025-08-31;9007;837
1;2025-09-01;20624;1859
1;2025-09-02;20834;1860
1;2025-09-03;20945;1909
1;2025-09-04;21487;2003
1;2025-09-05;19543;1886
1;2025-09-06;9599;907
1;2025-09-07;8476;877
1;2025-09-08;21463;2083
1;2025-09-09;21874;1925
1;2025-09-10;21977;2014
1;2025-09-11;22741;2138
1;2025-09-12;20718;1967
1;2025-09-13;10156;937
1;2025-09-14;8625;827
1;2025-09-15;21817;1906
1;2025-09-16;22009;2062
1;2025-09-17;21443;1968
1;2025-09-18;22158;2244
1;2025-09-19;21427;1771
1;2025-09-20;9911;918
1;2025-09-21;8304;794
1;2025-09-22;21081;1959
1;2025-09-23;23568;2230
1;2025-09-24;21348;1829
1;2025-09-25;21645;1982
1;2025-09-26;21263;1909
1;2025-09-27;9571;981
1;2025-09-28;8534;800
1;2025-09-29;21447;2015
1;2025-09-30;22217;2135
1;2025-10-01;21483;1898
1;2025-10-02;19133;1593
1;2025-10-03;24140;2118
1;2025-10-04;10817;1151
1;2025-10-05;9359;915
1;2025-10-06;23499;2290
1;2025-10-07;22047;1938
1;2025-10-08;22117;2032
1;2025-10-09;22689;2093
1;2025-10-10;22222;2192
1;2025-10-11;10807;1067
1;2025-10-12;9681;1024
1;2025-10-13;22465;1972
1;2025-10-14;22454;2004
1;2025-10-15;22606;2178
1;2025-10-16;22599;2026
1;2025-10-17;21445;1790
1;2025-10-18;12196;1227
1;2025-10-19;8494;914
1;2025-10-20;22415;2004
1;2025-10-21;21624;2122
1;2025-10-22;23201;2107
1;2025-10-23;23046;2091
1;2025-10-24;22179;1902
1;2025-10-25;12239;1208
1;2025-10-26;8699;872
1;2025-10-27;21968;1956
1;2025-10-28;21946;1832
1;2025-10-29;21299;1781
1;2025-10-30;20521;1702
1;2025-10-31;19898;1824
7;2025-01-01;5795;619
7;2025-01-02;10392;1012
7;2025-01-03;13627;1249
7;2025-01-04;13459;1174
7;2025-01-05;12344;1110
7;2025-01-06;13533;1107
7;2025-01-07;12256;1066
7;2025-01-08;13093;1192
7;2025-01-09;21638;2218
7;2025-01-10;22412;2089
7;2025-01-11;15021;1380
7;2025-01-12;12672;1150
7;2025-01-13;29021;2811
7;2025-01-14;26297;2572
7;2025-01-15;25639;2623
7;2025-01-16;26487;2689
7;2025-01-17;26237;2217
7;2025-01-18;17273;1526
7;2025-01-19;14895;1390
7;2025-01-20;23331;2452
7;2025-01-21;23938;2560
7;2025-01-22;28593;2803
7;2025-01-23;27984;2759
7;2025-01-24;25722;2462
7;2025-01-25;16247;1453
7;2025-01-26;13608;1214
7;2025-01-27;25608;2541
7;2025-01-28;23944;2453
7;2025-01-29;23598;2588
7;2025-01-30;23434;2431
7;2025-01-31;27250;2425
7;2025-02-01;16253;1327
7;2025-02-02;14518;1256
7;2025-02-03;26310;2695
7;2025-02-04;27254;2582
7;2025-02-05;25519;2593
7;2025-02-06;28517;2966
7;2025-02-07;27882;2435
7;2025-02-08;17085;1609
7;2025-02-09;14347;1427
7;2025-02-10;27270;2462
7;2025-02-11;28471;2811
7;2025-02-12;27829;2640
7;2025-02-13;28627;3130
7;2025-02-14;31925;2982
7;2025-02-15;16956;1454
7;2025-02-16;13437;1116
7;2025-02-17;23145;2339
7;2025-02-18;23393;2463
7;2025-02-19;28622;2513
7;2025-02-20;29244;3043
7;2025-02-21;26502;2615
7;2025-02-22;18058;1583
7;2025-02-23;14101;1296
7;2025-02-24;26607;2526
7;2025-02-25;28480;3032
7;2025-02-26;30885;3414
7;2025-02-27;29561;3037
7;2025-02-28;28141;2463
7;2025-03-01;16958;1596
7;2025-03-02;14112;1361
7;2025-03-03;25552;2598
7;2025-03-04;26652;2634
7;2025-03-05;27360;2669
7;2025-03-06;29641;2800
7;2025-03-07;31224;2631
7;2025-03-08;15949;1465
7;2025-03-09;16035;1573
7;2025-03-10;25862;2734
7;2025-03-11;31070;3099
7;2025-03-12;28623;2728
7;2025-03-13;27590;2960
7;2025-03-14;25469;2204
7;2025-03-15;19043;1604
7;2025-03-16;16112;1463
7;2025-03-17;24517;2517
7;2025-03-18;28517;2646
7;2025-03-19;24692;2655
7;2025-03-20;28055;2675
7;2025-03-21;28470;2469
7;2025-03-22;19282;1686
7;2025-03-23;16005;1413
7;2025-03-24;25721;2612
7;2025-03-25;25716;2508
7;2025-03-26;32043;3307
7;2025-03-27;30249;3146
7;2025-03-28;30434;2529
7;2025-03-29;19675;1770
7;2025-03-30;15010;1361
7;2025-03-31;37292;3666
7;2025-04-01;41300;3859
7;2025-04-02;39023;3693
7;2025-04-03;50676;5055
7;2025-04-04;43599;3742
7;2025-04-05;23420;2093
7;2025-04-06;12633;1292
7;2025-04-07;28515;2556
7;2025-04-08;28827;2724
7;2025-04-09;32229;3235
7;2025-04-10;29388;3092
7;2025-04-11;29549;2778
7;2025-04-12;18942;1704
7;2025-04-13;15680;1307
7;2025-04-14;30720;2756
7;2025-04-15;30312;2919
7;2025-04-16;30658;3126
7;2025-04-17;30206;3087
7;2025-04-18;29870;2637
7;2025-04-19;20751;1923
7;2025-04-20;16286;1347
7;2025-04-21;29373;2790
7;2025-04-22;30012;2886
7;2025-04-23;32353;3167
7;2025-04-24;29812;2856
7;2025-04-25;31303;2857
7;2025-04-26;18292;1498
7;2025-04-27;13550;1126
7;2025-04-28;30760;2777
7;2025-04-29;28678;2477
7;2025-04-30;30353;2751
7;2025-05-01;11265;985
7;2025-05-02;14729;1266
7;2025-05-03;14484;1170
7;2025-05-04;13685;1281
7;2025-05-05;27057;2713
7;2025-05-06;28408;2559
7;2025-05-07;25240;2394
7;2025-05-08;14577;1192
7;2025-05-09;12965;1333
7;2025-05-10;14682;1204
7;2025-05-11;12369;1074
7;2025-05-12;27997;2661
7;2025-05-13;29493;2717
7;2025-05-14;32122;3099
7;2025-05-15;29600;2957
7;2025-05-16;26296;2395
7;2025-05-17;17121;1484
7;2025-05-18;14556;1300
7;2025-05-19;27439;2652
7;2025-05-20;29014;2938
7;2025-05-21;28294;2834
7;2025-05-22;31121;2984
7;2025-05-23;30956;2577
7;2025-05-24;18178;1416
7;2025-05-25;18281;1553
7;2025-05-26;22443;2215
7;2025-05-27;28712;2568
7;2025-05-28;29851;3066
7;2025-05-29;34031;3526
7;2025-05-30;31298;2580
7;2025-05-31;15639;1271
7;2025-06-01;14626;1271
7;2025-06-02;28115;3019
7;2025-06-03;26478;2632
7;2025-06-04;28076;2646
7;2025-06-05;25489;2394
7;2025-06-06;24288;2245
7;2025-06-07;17526;1373
7;2025-06-08;11000;1131
7;2025-06-09;24554;2438
7;2025-06-10;27663;2672
7;2025-06-11;29341;2799
7;2025-06-12;13963;1037
7;2025-06-13;13645;1144
7;2025-06-14;12024;953
7;2025-06-15;13893;1207
7;2025-06-16;25941;2390
7;2025-06-17;24897;2712
7;2025-06-18;26690;2823
7;2025-06-19;24938;2486
7;2025-06-20;22678;2303
7;2025-06-21;16834;1328
7;2025-06-22;13976;1123
7;2025-06-23;25535;2481
7;2025-06-24;25504;2647
7;2025-06-25;24578;2577
7;2025-06-26;25895;2716
7;2025-06-27;27142;2820
7;2025-06-28;13538;1041
7;2025-06-29;10306;878
7;2025-06-30;23291;2705
7;2025-07-01;24216;2532
7;2025-07-02;23620;2347
7;2025-07-03;24628;2492
7;2025-07-04;21453;1918
7;2025-07-05;12480;901
7;2025-07-06;11906;980
7;2025-07-07;22738;2248
7;2025-07-08;22319;2240
7;2025-07-09;22312;2244
7;2025-07-10;11742;1215
7;2025-07-11;12079;1086
7;2025-07-12;7519;621
7;2025-07-13;7037;573
7;2025-07-14;10982;1173
7;2025-07-15;10232;963
7;2025-07-16;11362;1367
7;2025-07-17;11657;1201
7;2025-07-18;10980;969
7;2025-07-19;7528;636
7;2025-07-20;6932;550
7;2025-07-21;9710;1007
7;2025-07-22;11339;1063
7;2025-07-23;11042;1213
7;2025-07-24;10689;1150
7;2025-07-25;9948;858
7;2025-07-26;7622;567
7;2025-07-27;6680;532
7;2025-07-28;11321;1440
7;2025-07-29;10382;1131
7;2025-07-30;10233;961
7;2025-07-31;10249;1178
7;2025-08-01;10135;949
7;2025-08-02;7383;613
7;2025-08-03;6850;549
7;2025-08-04;10172;1250
7;2025-08-05;9876;926
7;2025-08-06;11297;1127
7;2025-08-07;10706;1137
7;2025-08-08;10467;953
7;2025-08-09;7542;582
7;2025-08-10;7183;660
7;2025-08-11;17129;1715
7;2025-08-12;19866;2096
7;2025-08-13;20819;2143
7;2025-08-14;22550;2095
7;2025-08-15;18168;1758
7;2025-08-16;10897;890
7;2025-08-17;10490;845
7;2025-08-18;20121;2097
7;2025-08-19;20817;2242
7;2025-08-20;19768;1927
7;2025-08-21;21261;2297
7;2025-08-22;21388;1846
7;2025-08-23;11484;924
7;2025-08-24;11475;995
7;2025-08-25;21112;1993
7;2025-08-26;20365;2147
7;2025-08-27;23212;2342
7;2025-08-28;22539;2282
7;2025-08-29;21988;2024
7;2025-08-30;13375;1022
7;2025-08-31;11125;968
7;2025-09-01;25591;2354
7;2025-09-02;25167;2464
7;2025-09-03;28766;2572
7;2025-09-04;27976;2784
7;2025-09-05;26568;2460
7;2025-09-06;9832;797
7;2025-09-07;8613;672
7;2025-09-08;25964;2554
7;2025-09-09;28227;2757
7;2025-09-10;26984;2645
7;2025-09-11;24573;2635
7;2025-09-12;26022;2437
7;2025-09-13;9932;943
7;2025-09-14;8477;761
7;2025-09-15;23383;2441
7;2025-09-16;29964;2755
7;2025-09-17;24937;2601
7;2025-09-18;27415;3171
7;2025-09-19;23661;2611
7;2025-09-20;9702;816
7;2025-09-21;8203;682
7;2025-09-22;24458;2338
7;2025-09-23;26145;2391
7;2025-09-24;27749;2726
7;2025-09-25;24946;2377
7;2025-09-26;24251;2420
7;2025-09-27;9049;738
7;2025-09-28;7590;697
7;2025-09-29;28317;2780
7;2025-09-30;27031;2621
7;2025-10-01;27720;3012
7;2025-10-02;25233;2621
7;2025-10-03;27476;2495
7;2025-10-04;10032;850
7;2025-10-05;8444;691
7;2025-10-06;24745;2508
7;2025-10-07;26989;2713
7;2025-10-08;27220;2740
7;2025-10-09;26652;2484
7;2025-10-10;25902;2281
7;2025-10-11;11144;977
7;2025-10-12;8769;811
7;2025-10-13;29298;3183
7;2025-10-14;29055;2825
7;2025-10-15;29298;2619
7;2025-10-16;28566;2846
7;2025-10-17;26400;2377
7;2025-10-18;11385;994
7;2025-10-19;8089;712
7;2025-10-20;27066;2604
7;2025-10-21;29427;2797
7;2025-10-22;27276;2556
7;2025-10-23;27054;2491
7;2025-10-24;26499;2458
7;2025-10-25;12220;1068
7;2025-10-26;8076;714
7;2025-10-27;26485;2455
7;2025-10-28;25611;2352
7;2025-10-29;26583;2444
7;2025-10-30;26860;2780
7;2025-10-31;25506;2442
11;2025-01-01;9002;966
11;2025-01-02;13373;1235
11;2025-01-03;16997;1493
11;2025-01-04;17943;1730
11;2025-01-05;17514;1756
11;2025-01-06;17506;1521
11;2025-01-07;15344;1272
11;2025-01-08;15569;1297
11;2025-01-09;30777;3183
11;2025-01-10;30790;2710
11;2025-01-11;18307;1559
11;2025-01-12;16743;1601
11;2025-01-13;33361;3028
11;2025-01-14;34620;3371
11;2025-01-15;36082;3387
11;2025-01-16;33924;3275
11;2025-01-17;33974;3060
11;2025-01-18;21972;1881
11;2025-01-19;19806;2052
11;2025-01-20;34543;3227
11;2025-01-21;36082;3368
11;2025-01-22;33472;3226
11;2025-01-23;32094;3093
11;2025-01-24;35367;3328
11;2025-01-25;22055;1848
11;2025-01-26;17782;1666
11;2025-01-27;33629;3253
11;2025-01-28;33643;3192
11;2025-01-29;35006;3371
11;2025-01-30;35300;3249
11;2025-01-31;35346;3183
11;2025-02-01;21290;1747
11;2025-02-02;18468;1579
11;2025-02-03;33783;3319
11;2025-02-04;36849;3312
11;2025-02-05;31517;3179
11;2025-02-06;37145;3703
11;2025-02-07;37678;3283
11;2025-02-08;21658;1847
11;2025-02-09;17554;1578
11;2025-02-10;36389;3451
11;2025-02-11;36992;3426
11;2025-02-12;36579;3516
11;2025-02-13;38344;3667
11;2025-02-14;36041;3233
11;2025-02-15;22551;1986
11;2025-02-16;17724;1484
11;2025-02-17;38277;3624
11;2025-02-18;34243;3171
11;2025-02-19;34354;3416
11;2025-02-20;36736;3134
11;2025-02-21;37015;3157
11;2025-02-22;23792;1971
11;2025-02-23;19249;1723
11;2025-02-24;36206;3139
11;2025-02-25;36223;3541
11;2025-02-26;36525;3220
11;2025-02-27;41150;3782
11;2025-02-28;37189;3251
11;2025-03-01;24949;2150
11;2025-03-02;18551;1642
11;2025-03-03;35607;3274
11;2025-03-04;38886;3462
11;2025-03-05;40170;3851
11;2025-03-06;39027;3479
11;2025-03-07;38969;3474
11;2025-03-08;22392;2017
11;2025-03-09;21776;2144
11;2025-03-10;36612;3415
11;2025-03-11;36864;3162
11;2025-03-12;36870;3444
11;2025-03-13;38714;3389
11;2025-03-14;34469;3034
11;2025-03-15;25348;2063
11;2025-03-16;21106;1973
11;2025-03-17;36805;3508
11;2025-03-18;35244;3418
11;2025-03-19;42500;3944
11;2025-03-20;39676;3684
11;2025-03-21;39866;3358
11;2025-03-22;25208;2088
11;2025-03-23;20361;1755
11;2025-03-24;38603;3485
11;2025-03-25;33655;3318
11;2025-03-26;36770;3183
11;2025-03-27;36974;3280
11;2025-03-28;37878;3171
11;2025-03-29;25587;2164
11;2025-03-30;22953;1989
11;2025-03-31;26835;2423
11;2025-04-01;25192;2448
11;2025-04-02;29581;3083
11;2025-04-03;29277;2521
11;2025-04-04;25388;2322
11;2025-04-05;11507;993
11;2025-04-06;11004;1218
11;2025-04-07;33077;3139
11;2025-04-08;36117;3617
11;2025-04-09;36701;3171
11;2025-04-10;34525;2945
11;2025-04-11;36631;3221
11;2025-04-12;25419;2188
11;2025-04-13;20710;1782
11;2025-04-14;35622;3375
11;2025-04-15;35739;3018
11;2025-04-16;36524;3484
11;2025-04-17;37287;3384
11;2025-04-18;37826;3326
11;2025-04-19;26145;1971
11;2025-04-20;22485;1964
11;2025-04-21;36391;3483
11;2025-04-22;36348;3247
11;2025-04-23;34300;3328
11;2025-04-24;36415;3198
11;2025-04-25;35831;3096
11;2025-04-26;26989;2214
11;2025-04-27;20138;1724
11;2025-04-28;34239;3462
11;2025-04-29;38196;3522
11;2025-04-30;35354;3149
11;2025-05-01;15679;1360
11;2025-05-02;16075;1242
11;2025-05-03;20002;1715
11;2025-05-04;19017;1821
11;2025-05-05;33570;3124
11;2025-05-06;33826;2842
11;2025-05-07;36377;3148
11;2025-05-08;21027;1674
11;2025-05-09;19430;1630
11;2025-05-10;18944;1509
11;2025-05-11;16573;1372
11;2025-05-12;33714;3376
11;2025-05-13;34609;3129
11;2025-05-14;34937;3622
11;2025-05-15;36487;3302
11;2025-05-16;37253;3490
11;2025-05-17;25658;2095
11;2025-05-18;18424;1452
11;2025-05-19;33818;3172
11;2025-05-20;35387;3152
11;2025-05-21;35545;3366
11;2025-05-22;35090;3076
11;2025-05-23;34575;3389
11;2025-05-24;23526;1861
11;2025-05-25;21957;1820
11;2025-05-26;33531;3161
11;2025-05-27;35623;3157
11;2025-05-28;34262;3026
11;2025-05-29;32089;2937
11;2025-05-30;30914;2834
11;2025-05-31;23389;1808
11;2025-06-01;21300;1826
11;2025-06-02;33765;3242
11;2025-06-03;34059;3100
11;2025-06-04;35738;3528
11;2025-06-05;36570;3267
11;2025-06-06;38063;3123
11;2025-06-07;23599;1819
11;2025-06-08;17606;1576
11;2025-06-09;33064;3508
11;2025-06-10;33508;2840
11;2025-06-11;33080;2896
11;2025-06-12;22234;1738
11;2025-06-13;18698;1547
11;2025-06-14;16035;1232
11;2025-06-15;17660;1468
11;2025-06-16;34395;3607
11;2025-06-17;34287;3029
11;2025-06-18;31773;2910
11;2025-06-19;29574;2927
11;2025-06-20;28617;2589
11;2025-06-21;22914;1788
11;2025-06-22;18721;1618
11;2025-06-23;33133;3105
11;2025-06-24;34638;3380
11;2025-06-25;30693;2780
11;2025-06-26;33455;3072
11;2025-06-27;29506;2523
11;2025-06-28;23719;1824
11;2025-06-29;17056;1461
11;2025-06-30;29729;2867
11;2025-07-01;29897;2830
11;2025-07-02;31417;3137
11;2025-07-03;32613;2687
11;2025-07-04;28962;2310
11;2025-07-05;22557;1835
11;2025-07-06;18401;1502
11;2025-07-07;29968;2883
11;2025-07-08;30651;2898
11;2025-07-09;30956;2818
11;2025-07-10;29963;2998
11;2025-07-11;26800;2502
11;2025-07-12;17336;1480
11;2025-07-13;18193;1545
11;2025-07-14;27271;2467
11;2025-07-15;28144;2700
11;2025-07-16;29848;2544
11;2025-07-17;30390;2853
11;2025-07-18;30917;2529
11;2025-07-19;19935;1576
11;2025-07-20;18345;1586
11;2025-07-21;27145;2450
11;2025-07-22;29581;2359
11;2025-07-23;29823;2582
11;2025-07-24;30307;2533
11;2025-07-25;29809;2343
11;2025-07-26;22773;1963
11;2025-07-27;20644;1589
11;2025-07-28;27196;2390
11;2025-07-29;27890;2662
11;2025-07-30;30474;3027
11;2025-07-31;30987;2792
11;2025-08-01;27679;2292
11;2025-08-02;20651;1618
11;2025-08-03;21999;1967
11;2025-08-04;24780;2422
11;2025-08-05;29181;2885
11;2025-08-06;31018;3271
11;2025-08-07;28491;2661
11;2025-08-08;29627;2351
11;2025-08-09;19692;1505
11;2025-08-10;19592;1618
11;2025-08-11;28923;2980
11;2025-08-12;30595;3173
11;2025-08-13;30576;2956
11;2025-08-14;30874;2984
11;2025-08-15;31421;2751
11;2025-08-16;19732;1520
11;2025-08-17;20325;1727
11;2025-08-18;28526;2686
11;2025-08-19;30492;2917
11;2025-08-20;29007;3220
11;2025-08-21;25324;2306
11;2025-08-22;29165;2324
11;2025-08-23;20876;1595
11;2025-08-24;20457;1811
11;2025-08-25;28203;2749
11;2025-08-26;29644;3221
11;2025-08-27;31841;2638
11;2025-08-28;31982;2799
11;2025-08-29;29576;2749
11;2025-08-30;25253;2017
11;2025-08-31;22582;2070
11;2025-09-01;32838;3144
11;2025-09-02;34113;3444
11;2025-09-03;31890;3403
11;2025-09-04;33709;3382
11;2025-09-05;33767;3070
11;2025-09-06;24707;2152
11;2025-09-07;22204;1970
11;2025-09-08;31784;3292
11;2025-09-09;37323;3473
11;2025-09-10;35248;3357
11;2025-09-11;38835;3808
11;2025-09-12;31526;3067
11;2025-09-13;24704;2009
11;2025-09-14;21826;1917
11;2025-09-15;36979;3335
11;2025-09-16;33601;3405
11;2025-09-17;37925;3381
11;2025-09-18;34608;3300
11;2025-09-19;34166;3336
11;2025-09-20;25597;2038
11;2025-09-21;21614;1983
11;2025-09-22;34494;3668
11;2025-09-23;32678;3367
11;2025-09-24;37045;3533
11;2025-09-25;36995;3641
11;2025-09-26;36908;3125
11;2025-09-27;24183;2127
11;2025-09-28;20857;1849
11;2025-09-29;34420;3345
11;2025-09-30;34517;3367
11;2025-10-01;33326;3158
11;2025-10-02;35892;3241
11;2025-10-03;35692;3089
11;2025-10-04;24547;2080
11;2025-10-05;20530;1801
11;2025-10-06;32680;3026
11;2025-10-07;33796;3321
11;2025-10-08;34614;3171
11;2025-10-09;31710;2766
11;2025-10-10;35357;3466
11;2025-10-11;24663;2212
11;2025-10-12;21306;1959
11;2025-10-13;32863;3486
11;2025-10-14;35872;3380
11;2025-10-15;33202;3093
11;2025-10-16;35475;3571
11;2025-10-17;33105;3523
11;2025-10-18;24520;2089
11;2025-10-19;17734;1619
11;2025-10-20;32791;2891
11;2025-10-21;35694;3459
11;2025-10-22;35018;3192
11;2025-10-23;35292;3532
11;2025-10-24;30946;2953
11;2025-10-25;22299;1937
11;2025-10-26;17678;1684
11;2025-10-27;34355;3147
11;2025-10-28;33080;3087
11;2025-10-29;32275;3134
11;2025-10-30;36557;3225
11;2025-10-31;33131;3265
12;2025-01-01;7665;794
12;2025-01-02;13607;1369
12;2025-01-03;16279;1489
12;2025-01-04;15940;1332
12;2025-01-05;16823;1556
12;2025-01-06;17515;1567
12;2025-01-07;15530;1359
12;2025-01-08;16370;1436
12;2025-01-09;34634;3226
12;2025-01-10;35230;3422
12;2025-01-11;19806;1765
12;2025-01-12;16417;1618
12;2025-01-13;38151;3865
12;2025-01-14;40932;4340
12;2025-01-15;36091;3224
12;2025-01-16;38729;3780
12;2025-01-17;40362;4083
12;2025-01-18;22007;1981
12;2025-01-19;19447;1724
12;2025-01-20;37087;3363
12;2025-01-21;38668;3717
12;2025-01-22;35797;3372
12;2025-01-23;35268;3341
12;2025-01-24;38172;3568
12;2025-01-25;22876;1815
12;2025-01-26;17369;1699
12;2025-01-27;37446;3842
12;2025-01-28;39029;3896
12;2025-01-29;37410;3321
12;2025-01-30;39237;3652
12;2025-01-31;38422;3580
12;2025-02-01;19953;1853
12;2025-02-02;17011;1519
12;2025-02-03;36355;3445
12;2025-02-04;39610;3712
12;2025-02-05;38228;3752
12;2025-02-06;38631;3680
12;2025-02-07;39445;3803
12;2025-02-08;21622;1948
12;2025-02-09;18172;1555
12;2025-02-10;33575;3066
12;2025-02-11;38361;4032
12;2025-02-12;39956;3922
12;2025-02-13;37865;3447
12;2025-02-14;38063;3489
12;2025-02-15;21761;1705
12;2025-02-16;18163;1693
12;2025-02-17;29580;2944
12;2025-02-18;37599;3397
12;2025-02-19;41337;3837
12;2025-02-20;39639;3416
12;2025-02-21;39469;3367
12;2025-02-22;21472;1723
12;2025-02-23;17055;1503
12;2025-02-24;35681;3648
12;2025-02-25;40573;3720
12;2025-02-26;35924;3187
12;2025-02-27;39664;3776
12;2025-02-28;40171;3716
12;2025-03-01;23635;2013
12;2025-03-02;17357;1552
12;2025-03-03;39110;3813
12;2025-03-04;40929;4234
12;2025-03-05;40418;3773
12;2025-03-06;40842;3669
12;2025-03-07;42083;3810
12;2025-03-08;22758;1892
12;2025-03-09;19984;1875
12;2025-03-10;41395;3885
12;2025-03-11;41293;4013
12;2025-03-12;41157;3932
12;2025-03-13;40058;3924
12;2025-03-14;39229;3905
12;2025-03-15;23401;2073
12;2025-03-16;20082;1744
12;2025-03-17;38972;3870
12;2025-03-18;41632;4279
12;2025-03-19;41701;4057
12;2025-03-20;41922;4132
12;2025-03-21;39195;3581
12;2025-03-22;24705;2291
12;2025-03-23;20116;1846
12;2025-03-24;41668;4071
12;2025-03-25;40311;3869
12;2025-03-26;41842;4234
12;2025-03-27;41430;3914
12;2025-03-28;41378;3768
12;2025-03-29;23521;2274
12;2025-03-30;19160;1810
12;2025-03-31;26871;2648
12;2025-04-01;22509;2676
12;2025-04-02;24967;2440
12;2025-04-03;24985;2371
12;2025-04-04;24715;2417
12;2025-04-05;15357;1309
12;2025-04-06;12921;1297
12;2025-04-07;38074;3503
12;2025-04-08;37920;3512
12;2025-04-09;39421;3609
12;2025-04-10;37951;3372
12;2025-04-11;38889;3344
12;2025-04-12;22568;1665
12;2025-04-13;20717;1751
12;2025-04-14;40385;4002
12;2025-04-15;40446;4017
12;2025-04-16;41186;3741
12;2025-04-17;37624;3312
12;2025-04-18;37373;3363
12;2025-04-19;25239;2142
12;2025-04-20;20035;1677
12;2025-04-21;38068;3661
12;2025-04-22;39603;3577
12;2025-04-23;40845;3704
12;2025-04-24;40462;3555
12;2025-04-25;38184;3619
12;2025-04-26;23063;1813
12;2025-04-27;19393;1607
12;2025-04-28;40545;3772
12;2025-04-29;37767;3671
12;2025-04-30;38862;3441
12;2025-05-01;14784;1132
12;2025-05-02;17538;1415
12;2025-05-03;19843;1544
12;2025-05-04;19165;1701
12;2025-05-05;37718;3219
12;2025-05-06;37620;3349
12;2025-05-07;37312;3197
12;2025-05-08;20206;1497
12;2025-05-09;15976;1287
12;2025-05-10;18169;1487
12;2025-05-11;15396;1408
12;2025-05-12;36660;3872
12;2025-05-13;39046;3782
12;2025-05-14;39459;3211
12;2025-05-15;40430;3642
12;2025-05-16;36402;3629
12;2025-05-17;22120;1649
12;2025-05-18;18386;1527
12;2025-05-19;39602;3608
12;2025-05-20;38851;3616
12;2025-05-21;39779;3488
12;2025-05-22;40678;3544
12;2025-05-23;38749;3203
12;2025-05-24;21045;1614
12;2025-05-25;19351;1485
12;2025-05-26;36821;3449
12;2025-05-27;40573;3936
12;2025-05-28;40587;3548
12;2025-05-29;40451;3800
12;2025-05-30;37291;3587
12;2025-05-31;20808;1693
12;2025-06-01;17921;1523
12;2025-06-02;37393;3181
12;2025-06-03;38883;3381
12;2025-06-04;37299;3269
12;2025-06-05;38593;3469
12;2025-06-06;36455;3325
12;2025-06-07;18221;1471
12;2025-06-08;15076;1206
12;2025-06-09;35585;3265
12;2025-06-10;37787;3318
12;2025-06-11;37953;3191
12;2025-06-12;15653;1174
12;2025-06-13;13904;1141
12;2025-06-14;12998;1156
12;2025-06-15;14328;1284
12;2025-06-16;36028;3087
12;2025-06-17;35680;3140
12;2025-06-18;33934;3130
12;2025-06-19;34922;3059
12;2025-06-20;34258;3199
12;2025-06-21;20281;1508
12;2025-06-22;16534;1265
12;2025-06-23;35648;3122
12;2025-06-24;34999;3446
12;2025-06-25;35605;3252
12;2025-06-26;35863;3124
12;2025-06-27;34097;2972
12;2025-06-28;18794;1355
12;2025-06-29;16427;1429
12;2025-06-30;30696;3031
12;2025-07-01;34029;3100
12;2025-07-02;33938;2957
12;2025-07-03;34898;3122
12;2025-07-04;33751;3020
12;2025-07-05;19533;1534
12;2025-07-06;17645;1570
12;2025-07-07;32154;2744
12;2025-07-08;32435;2768
12;2025-07-09;30848;2668
12;2025-07-10;32805;3171
12;2025-07-11;30126;2494
12;2025-07-12;19209;1547
12;2025-07-13;15941;1370
12;2025-07-14;31147;2613
12;2025-07-15;31562;2939
12;2025-07-16;31543;2808
12;2025-07-17;29976;2904
12;2025-07-18;31454;2652
12;2025-07-19;18704;1350
12;2025-07-20;17194;1437
12;2025-07-21;26310;2499
12;2025-07-22;31032;2730
12;2025-07-23;31287;2832
12;2025-07-24;30994;2930
12;2025-07-25;32431;2753
12;2025-07-26;18411;1336
12;2025-07-27;17418;1556
12;2025-07-28;30409;2786
12;2025-07-29;34770;3093
12;2025-07-30;33425;2837
12;2025-07-31;31579;2813
12;2025-08-01;31092;2753
12;2025-08-02;18655;1598
12;2025-08-03;17285;1624
12;2025-08-04;28246;2560
12;2025-08-05;30662;2690
12;2025-08-06;33939;3114
12;2025-08-07;30229;2790
12;2025-08-08;31435;2515
12;2025-08-09;17857;1258
12;2025-08-10;18117;1597
12;2025-08-11;29630;2714
12;2025-08-12;32635;2823
12;2025-08-13;33638;2894
12;2025-08-14;31484;2732
12;2025-08-15;31410;2608
12;2025-08-16;19531;1449
12;2025-08-17;16553;1420
12;2025-08-18;31336;2812
12;2025-08-19;32567;2861
12;2025-08-20;32643;3203
12;2025-08-21;30315;2701
12;2025-08-22;31612;2689
12;2025-08-23;18899;1420
12;2025-08-24;19117;1731
12;2025-08-25;34090;2945
12;2025-08-26;35096;3089
12;2025-08-27;35492;3268
12;2025-08-28;35297;3100
12;2025-08-29;33400;2618
12;2025-08-30;21510;1687
12;2025-08-31;20786;1712
12;2025-09-01;36182;3285
12;2025-09-02;35846;3510
12;2025-09-03;39187;3586
12;2025-09-04;39919;3661
12;2025-09-05;38142;3606
12;2025-09-06;21381;1677
12;2025-09-07;19911;1603
12;2025-09-08;37614;4219
12;2025-09-09;36559;3523
12;2025-09-10;39710;3946
12;2025-09-11;39491;3744
12;2025-09-12;35147;3619
12;2025-09-13;21858;1639
12;2025-09-14;19619;1551
12;2025-09-15;37437;3662
12;2025-09-16;37480;3513
12;2025-09-17;37154;3625
12;2025-09-18;36694;3664
12;2025-09-19;33351;3420
12;2025-09-20;21834;1778
12;2025-09-21;19786;1593
12;2025-09-22;33819;3594
12;2025-09-23;34568;3945
12;2025-09-24;35136;3596
12;2025-09-25;37179;3602
12;2025-09-26;35015;3564
12;2025-09-27;21731;1488
12;2025-09-28;19320;1795
12;2025-09-29;34306;3356
12;2025-09-30;38623;4203
12;2025-10-01;34960;3533
12;2025-10-02;35968;3786
12;2025-10-03;34480;3172
12;2025-10-04;22733;1790
12;2025-10-05;18641;1698
12;2025-10-06;35287;3684
12;2025-10-07;37400;3482
12;2025-10-08;37367;3733
12;2025-10-09;39654;3715
12;2025-10-10;35389;3275
12;2025-10-11;21742;1755
12;2025-10-12;18916;1709
12;2025-10-13;34813;3262
12;2025-10-14;39172;4204
12;2025-10-15;37999;4103
12;2025-10-16;35578;3655
12;2025-10-17;34553;3137
12;2025-10-18;22226;1752
12;2025-10-19;16790;1454
12;2025-10-20;37044;3742
12;2025-10-21;38194;3832
12;2025-10-22;37854;3532
12;2025-10-23;36754;3857
12;2025-10-24;38930;3701
12;2025-10-25;22541;1862
12;2025-10-26;19909;1662
12;2025-10-27;38513;3458
12;2025-10-28;36024;3226
12;2025-10-29;37920;3150
12;2025-10-30;37580;3426
12;2025-10-31;34674;3220
17;2025-01-01;18089;2003
17;2025-01-02;29674;2984
17;2025-01-03;35638;3513
17;2025-01-04;35753;3431
17;2025-01-05;35507;3240
17;2025-01-06;34969;3211
17;2025-01-07;32035;3077
17;2025-01-08;30393;2668
17;2025-01-09;50251;4778
17;2025-01-10;48801;4558
17;2025-01-11;34732;3131
17;2025-01-12;31836;3026
17;2025-01-13;50408;4970
17;2025-01-14;52783;5248
17;2025-01-15;53945;5141
17;2025-01-16;53389;5219
17;2025-01-17;52481;5238
17;2025-01-18;39737;3506
17;2025-01-19;36702;3592
17;2025-01-20;53897;5315
17;2025-01-21;54731;5434
17;2025-01-22;53358;5218
17;2025-01-23;55863;5249
17;2025-01-24;56343;5291
17;2025-01-25;41497;3645
17;2025-01-26;33866;3087
17;2025-01-27;52012;5478
17;2025-01-28;55098;5535
17;2025-01-29;55303;5527
17;2025-01-30;52210;5279
17;2025-01-31;57719;5536
17;2025-02-01;39313;3466
17;2025-02-02;34723;3178
17;2025-02-03;51486;5374
17;2025-02-04;53630;5567
17;2025-02-05;56263;5555
17;2025-02-06;56338;5486
17;2025-02-07;53742;5154
17;2025-02-08;40983;3635
17;2025-02-09;34095;3075
17;2025-02-10;55057;5603
17;2025-02-11;53752;5572
17;2025-02-12;56108;5564
17;2025-02-13;53296;5227
17;2025-02-14;55555;5407
17;2025-02-15;39995;3434
17;2025-02-16;34227;3066
17;2025-02-17;53730;5274
17;2025-02-18;56067;5512
17;2025-02-19;52924;5264
17;2025-02-20;54393;4894
17;2025-02-21;55126;5017
17;2025-02-22;41537;3541
17;2025-02-23;34970;3292
17;2025-02-24;52148;5179
17;2025-02-25;53089;5151
17;2025-02-26;52614;5003
17;2025-02-27;57352;5518
17;2025-02-28;56537;4973
17;2025-03-01;41564;3667
17;2025-03-02;33249;2906
17;2025-03-03;52253;5386
17;2025-03-04;55554;5468
17;2025-03-05;56009;5268
17;2025-03-06;56950;5240
17;2025-03-07;59718;5270
17;2025-03-08;44140;4311
17;2025-03-09;38617;3657
17;2025-03-10;56204;5553
17;2025-03-11;53785;5325
17;2025-03-12;55176;5404
17;2025-03-13;55868;5266
17;2025-03-14;51880;4979
17;2025-03-15;42008;3476
17;2025-03-16;36555;3375
17;2025-03-17;53270;5098
17;2025-03-18;54998;5083
17;2025-03-19;53086;5171
17;2025-03-20;57987;5391
17;2025-03-21;56813;5221
17;2025-03-22;42964;3708
17;2025-03-23;36975;3379
17;2025-03-24;54893;5461
17;2025-03-25;53961;5049
17;2025-03-26;54423;5127
17;2025-03-27;53791;5404
17;2025-03-28;55653;5194
17;2025-03-29;43844;3846
17;2025-03-30;37739;3431
17;2025-03-31;49054;4700
17;2025-04-01;43714;5248
17;2025-04-02;42364;4345
17;2025-04-03;43580;4969
17;2025-04-04;44653;4410
17;2025-04-05;13759;1142
17;2025-04-06;7562;777
17;2025-04-07;52254;5114
17;2025-04-08;53572;5168
17;2025-04-09;54658;5018
17;2025-04-10;57882;5276
17;2025-04-11;55777;5035
17;2025-04-12;5187;529
17;2025-04-13;4043;387
17;2025-04-14;54116;5176
17;2025-04-15;57941;5451
17;2025-04-16;57722;5382
17;2025-04-17;57510;5375
17;2025-04-18;58104;5144
17;2025-04-19;40699;3243
17;2025-04-20;33660;2936
17;2025-04-21;54149;5371
17;2025-04-22;55602;5428
17;2025-04-23;55353;5281
17;2025-04-24;51507;5064
17;2025-04-25;53687;5238
17;2025-04-26;673;204
17;2025-04-27;323;41
17;2025-04-28;52460;5176
17;2025-04-29;53410;5350
17;2025-04-30;53361;5008
17;2025-05-01;22808;1768
17;2025-05-02;29652;2487
17;2025-05-03;33851;2748
17;2025-05-04;31601;3038
17;2025-05-05;52252;5103
17;2025-05-06;53602;4892
17;2025-05-07;53571;4964
17;2025-05-08;35456;2864
17;2025-05-09;30358;2553
17;2025-05-10;32518;2824
17;2025-05-11;27885;2455
17;2025-05-12;51841;5220
17;2025-05-13;52353;5217
17;2025-05-14;53170;5119
17;2025-05-15;54456;5240
17;2025-05-16;55904;5115
17;2025-05-17;43965;3558
17;2025-05-18;32273;2875
17;2025-05-19;53774;5321
17;2025-05-20;56282;5275
17;2025-05-21;56475;5773
17;2025-05-22;57128;5407
17;2025-05-23;56603;5108
17;2025-05-24;39534;3108
17;2025-05-25;32245;2630
17;2025-05-26;54190;5107
17;2025-05-27;57067;5422
17;2025-05-28;56855;5292
17;2025-05-29;55590;5186
17;2025-05-30;53786;4998
17;2025-05-31;36606;2951
17;2025-06-01;34533;2744
17;2025-06-02;53057;5077
17;2025-06-03;55630;5233
17;2025-06-04;52912;5064
17;2025-06-05;56980;5513
17;2025-06-06;53827;4729
17;2025-06-07;37355;2884
17;2025-06-08;29662;2396
17;2025-06-09;51967;5180
17;2025-06-10;52033;4849
17;2025-06-11;53604;4625
17;2025-06-12;36760;2951
17;2025-06-13;31512;2485
17;2025-06-14;29133;2366
17;2025-06-15;29582;2532
17;2025-06-16;52295;4789
17;2025-06-17;51852;4823
17;2025-06-18;50531;4791
17;2025-06-19;50260;4751
17;2025-06-20;49440;4602
17;2025-06-21;37407;2954
17;2025-06-22;29753;2318
17;2025-06-23;52924;4936
17;2025-06-24;52863;4963
17;2025-06-25;51039;4827
17;2025-06-26;52993;4813
17;2025-06-27;40030;3550
17;2025-06-28;36064;2885
17;2025-06-29;28213;2311
17;2025-06-30;47142;4562
17;2025-07-01;48316;4798
17;2025-07-02;49750;4953
17;2025-07-03;54048;5162
17;2025-07-04;53380;4531
17;2025-07-05;37568;2907
17;2025-07-06;33531;2754
17;2025-07-07;52403;5234
17;2025-07-08;50077;4922
17;2025-07-09;46717;4724
17;2025-07-10;46105;4338
17;2025-07-11;45874;4099
17;2025-07-12;30582;2457
17;2025-07-13;30129;2399
17;2025-07-14;45796;4665
17;2025-07-15;43874;4643
17;2025-07-16;39177;4339
17;2025-07-17;47592;4525
17;2025-07-18;48619;4220
17;2025-07-19;32031;2584
17;2025-07-20;28197;2263
17;2025-07-21;41110;4080
17;2025-07-22;47186;4377
17;2025-07-23;46943;4405
17;2025-07-24;48157;4620
17;2025-07-25;44430;3934
17;2025-07-26;32430;2513
17;2025-07-27;29280;2319
17;2025-07-28;42894;4178
17;2025-07-29;45597;4616
17;2025-07-30;45175;4362
17;2025-07-31;45775;4307
17;2025-08-01;42708;4055
17;2025-08-02;34202;2647
17;2025-08-03;31860;2662
17;2025-08-04;40717;4250
17;2025-08-05;50521;5271
17;2025-08-06;48258;4341
17;2025-08-07;46054;4570
17;2025-08-08;48489;4248
17;2025-08-09;32550;2569
17;2025-08-10;32683;2799
17;2025-08-11;46651;4503
17;2025-08-12;46944;4437
17;2025-08-13;48931;4487
17;2025-08-14;45148;4088
17;2025-08-15;49671;4178
17;2025-08-16;36225;2868
17;2025-08-17;31650;2774
17;2025-08-18;46818;4491
17;2025-08-19;48677;4596
17;2025-08-20;48091;4471
17;2025-08-21;48379;4382
17;2025-08-22;49397;4342
17;2025-08-23;35178;2889
17;2025-08-24;34371;3066
17;2025-08-25;50205;4808
17;2025-08-26;50847;4828
17;2025-08-27;51611;4614
17;2025-08-28;54106;4870
17;2025-08-29;49766;4376
17;2025-08-30;43184;3698
17;2025-08-31;38385;3327
17;2025-09-01;56886;5483
17;2025-09-02;52632;5479
17;2025-09-03;52865;5291
17;2025-09-04;54590;5398
17;2025-09-05;53901;4918
17;2025-09-06;39240;3280
17;2025-09-07;34692;2989
17;2025-09-08;50147;5182
17;2025-09-09;53976;5386
17;2025-09-10;53489;5259
17;2025-09-11;53181;5186
17;2025-09-12;52345;5168
17;2025-09-13;35979;2802
17;2025-09-14;35703;3246
17;2025-09-15;51832;5063
17;2025-09-16;54107;5279
17;2025-09-17;53049;5181
17;2025-09-18;54332;5324
17;2025-09-19;53255;5032
17;2025-09-20;40697;3371
17;2025-09-21;36612;3225
17;2025-09-22;53848;5338
17;2025-09-23;53930;5504
17;2025-09-24;48336;4611
17;2025-09-25;53985;5563
17;2025-09-26;56240;5335
17;2025-09-27;37507;3143
17;2025-09-28;36131;3258
17;2025-09-29;53014;5425
17;2025-09-30;55574;5767
17;2025-10-01;55990;5394
17;2025-10-02;56147;5398
17;2025-10-03;54610;5170
17;2025-10-04;43857;3779
17;2025-10-05;36410;3320
17;2025-10-06;51142;5441
17;2025-10-07;55988;5502
17;2025-10-08;56071;5575
17;2025-10-09;56585;5324
17;2025-10-10;55887;5253
17;2025-10-11;43909;3824
17;2025-10-12;37967;3554
17;2025-10-13;50482;5175
17;2025-10-14;55908;5799
17;2025-10-15;55323;5309
17;2025-10-16;58216;5603
17;2025-10-17;59442;5391
17;2025-10-18;45157;3797
17;2025-10-19;36313;3429
17;2025-10-20;54099;5627
17;2025-10-21;53638;5387
17;2025-10-22;55921;5827
17;2025-10-23;54920;5500
17;2025-10-24;58695;5538
17;2025-10-25;40266;3533
17;2025-10-26;35205;3204
17;2025-10-27;54845;5365
17;2025-10-28;55174;4923
17;2025-10-29;56081;5191
17;2025-10-30;55445;5041
17;2025-10-31;51257;5082
25;2025-01-01;2396;288
25;2025-01-02;2971;354
25;2025-01-03;4105;462
25;2025-01-04;4080;446
25;2025-01-05;4253;410
25;2025-01-06;3644;345
25;2025-01-07;3119;363
25;2025-01-08;2952;326
25;2025-01-09;5860;819
25;2025-01-10;5807;742
25;2025-01-11;4006;433
25;2025-01-12;3254;336
25;2025-01-13;6997;987
25;2025-01-14;6431;828
25;2025-01-15;6806;940
25;2025-01-16;6581;780
25;2025-01-17;6958;759
25;2025-01-18;4356;452
25;2025-01-19;4440;549
25;2025-01-20;7001;828
25;2025-01-21;6790;700
25;2025-01-22;7672;891
25;2025-01-23;7557;842
25;2025-01-24;6685;737
25;2025-01-25;4608;457
25;2025-01-26;3599;429
25;2025-01-27;6494;763
25;2025-01-28;6433;711
25;2025-01-29;6679;718
25;2025-01-30;6086;754
25;2025-01-31;6405;722
25;2025-02-01;4278;432
25;2025-02-02;3817;375
25;2025-02-03;5989;779
25;2025-02-04;6508;764
25;2025-02-05;5938;627
25;2025-02-06;7861;897
25;2025-02-07;7255;798
25;2025-02-08;5096;581
25;2025-02-09;3704;350
25;2025-02-10;8618;1044
25;2025-02-11;8619;1048
25;2025-02-12;8283;911
25;2025-02-13;7670;903
25;2025-02-14;7835;869
25;2025-02-15;4779;497
25;2025-02-16;3589;367
25;2025-02-17;6861;774
25;2025-02-18;7610;871
25;2025-02-19;7282;775
25;2025-02-20;7830;887
25;2025-02-21;7393;826
25;2025-02-22;5260;555
25;2025-02-23;4448;470
25;2025-02-24;7254;899
25;2025-02-25;7558;811
25;2025-02-26;7481;988
25;2025-02-27;8759;915
25;2025-02-28;7818;973
25;2025-03-01;5677;597
25;2025-03-02;4447;451
25;2025-03-03;7683;843
25;2025-03-04;7360;869
25;2025-03-05;7441;913
25;2025-03-06;7410;911
25;2025-03-07;7897;917
25;2025-03-08;5978;645
25;2025-03-09;5114;609
25;2025-03-10;7759;922
25;2025-03-11;7420;823
25;2025-03-12;7795;813
25;2025-03-13;8473;959
25;2025-03-14;7845;767
25;2025-03-15;4958;463
25;2025-03-16;5086;538
25;2025-03-17;7355;956
25;2025-03-18;7210;849
25;2025-03-19;7486;865
25;2025-03-20;8126;965
25;2025-03-21;7873;822
25;2025-03-22;5803;638
25;2025-03-23;5018;539
25;2025-03-24;7598;908
25;2025-03-25;7586;936
25;2025-03-26;7519;867
25;2025-03-27;7947;959
25;2025-03-28;7677;850
25;2025-03-29;6372;675
25;2025-03-30;5353;579
25;2025-03-31;9132;946
25;2025-04-01;7801;827
25;2025-04-02;14219;1626
25;2025-04-03;6661;847
25;2025-04-04;10414;1232
25;2025-04-05;5658;485
25;2025-04-06;2800;281
25;2025-04-07;7660;914
25;2025-04-08;6373;818
25;2025-04-09;8870;1018
25;2025-04-10;7715;1089
25;2025-04-11;6830;725
25;2025-04-12;6183;627
25;2025-04-13;5792;613
25;2025-04-14;7624;968
25;2025-04-15;8814;941
25;2025-04-16;8626;989
25;2025-04-17;7632;907
25;2025-04-18;7789;799
25;2025-04-19;6951;664
25;2025-04-20;6213;697
25;2025-04-21;7887;851
25;2025-04-22;8348;911
25;2025-04-23;8328;891
25;2025-04-24;8739;990
25;2025-04-25;8083;814
25;2025-04-26;7606;748
25;2025-04-27;5583;532
25;2025-04-28;7885;970
25;2025-04-29;8114;885
25;2025-04-30;7486;941
25;2025-05-01;3004;344
25;2025-05-02;3878;377
25;2025-05-03;4996;514
25;2025-05-04;4716;594
25;2025-05-05;6511;782
25;2025-05-06;7618;722
25;2025-05-07;7798;764
25;2025-05-08;5283;558
25;2025-05-09;5065;533
25;2025-05-10;4713;584
25;2025-05-11;3282;339
25;2025-05-12;5925;878
25;2025-05-13;7424;966
25;2025-05-14;7547;913
25;2025-05-15;8363;905
25;2025-05-16;7918;798
25;2025-05-17;6847;686
25;2025-05-18;5175;569
25;2025-05-19;7280;869
25;2025-05-20;7507;830
25;2025-05-21;7198;757
25;2025-05-22;8577;805
25;2025-05-23;8570;913
25;2025-05-24;7443;726
25;2025-05-25;5622;637
25;2025-05-26;8770;983
25;2025-05-27;8434;833
25;2025-05-28;8068;809
25;2025-05-29;7592;779
25;2025-05-30;7926;714
25;2025-05-31;5955;572
25;2025-06-01;5036;517
25;2025-06-02;7484;747
25;2025-06-03;7542;784
25;2025-06-04;8242;950
25;2025-06-05;7759;866
25;2025-06-06;7608;765
25;2025-06-07;5851;542
25;2025-06-08;4408;428
25;2025-06-09;6540;721
25;2025-06-10;8971;881
25;2025-06-11;8108;899
25;2025-06-12;5509;595
25;2025-06-13;4329;443
25;2025-06-14;3821;410
25;2025-06-15;3757;377
25;2025-06-16;7436;738
25;2025-06-17;6661;717
25;2025-06-18;6006;657
25;2025-06-19;7323;849
25;2025-06-20;5838;699
25;2025-06-21;5240;491
25;2025-06-22;4254;499
25;2025-06-23;6273;646
25;2025-06-24;6428;785
25;2025-06-25;6173;675
25;2025-06-26;6799;655
25;2025-06-27;5911;798
25;2025-06-28;6013;579
25;2025-06-29;3810;447
25;2025-06-30;5362;603
25;2025-07-01;5774;590
25;2025-07-02;5918;610
25;2025-07-03;6654;693
25;2025-07-04;8174;740
25;2025-07-05;5417;635
25;2025-07-06;4633;450
25;2025-07-07;4959;597
25;2025-07-08;5709;592
25;2025-07-09;6611;864
25;2025-07-10;5952;643
25;2025-07-11;6072;610
25;2025-07-12;4010;389
25;2025-07-13;4015;394
25;2025-07-14;5320;610
25;2025-07-15;4853;561
25;2025-07-16;5535;585
25;2025-07-17;5619;595
25;2025-07-18;5972;558
25;2025-07-19;4057;389
25;2025-07-20;3849;356
25;2025-07-21;4382;435
25;2025-07-22;5267;538
25;2025-07-23;5737;619
25;2025-07-24;5752;606
25;2025-07-25;6867;604
25;2025-07-26;4719;456
25;2025-07-27;4225;441
25;2025-07-28;5484;587
25;2025-07-29;5072;508
25;2025-07-30;5461;538
25;2025-07-31;5471;659
25;2025-08-01;5045;567
25;2025-08-02;4507;479
25;2025-08-03;4568;482
25;2025-08-04;3771;580
25;2025-08-05;5181;569
25;2025-08-06;5623;543
25;2025-08-07;5124;570
25;2025-08-08;5466;610
25;2025-08-09;4021;354
25;2025-08-10;4432;515
25;2025-08-11;5439;651
25;2025-08-12;6781;762
25;2025-08-13;6254;637
25;2025-08-14;6129;778
25;2025-08-15;5779;558
25;2025-08-16;7199;696
25;2025-08-17;4070;435
25;2025-08-18;5104;546
25;2025-08-19;6323;569
25;2025-08-20;6280;794
25;2025-08-21;5782;614
25;2025-08-22;5330;518
25;2025-08-23;4324;432
25;2025-08-24;4740;551
25;2025-08-25;6207;708
25;2025-08-26;6748;796
25;2025-08-27;6054;670
25;2025-08-28;6581;731
25;2025-08-29;6064;546
25;2025-08-30;6362;672
25;2025-08-31;5825;589
25;2025-09-01;6358;761
25;2025-09-02;7000;933
25;2025-09-03;7499;866
25;2025-09-04;7697;787
25;2025-09-05;8513;943
25;2025-09-06;6731;742
25;2025-09-07;5428;646
25;2025-09-08;7111;782
25;2025-09-09;7603;921
25;2025-09-10;7604;804
25;2025-09-11;6704;786
25;2025-09-12;8467;784
25;2025-09-13;6119;549
25;2025-09-14;5887;662
25;2025-09-15;8422;1303
25;2025-09-16;7510;988
25;2025-09-17;7100;832
25;2025-09-18;7398;811
25;2025-09-19;7579;815
25;2025-09-20;5826;617
25;2025-09-21;5632;627
25;2025-09-22;8959;887
25;2025-09-23;7103;926
25;2025-09-24;7946;964
25;2025-09-25;7134;875
25;2025-09-26;7795;829
25;2025-09-27;5321;505
25;2025-09-28;4885;666
25;2025-09-29;7540;944
25;2025-09-30;8724;932
25;2025-10-01;8287;946
25;2025-10-02;9274;1111
25;2025-10-03;7865;788
25;2025-10-04;7501;891
25;2025-10-05;5789;743
25;2025-10-06;7490;874
25;2025-10-07;8239;837
25;2025-10-08;8348;852
25;2025-10-09;8734;876
25;2025-10-10;8335;856
25;2025-10-11;7444;971
25;2025-10-12;6754;828
25;2025-10-13;9591;1215
25;2025-10-14;8453;970
25;2025-10-15;9994;1049
25;2025-10-16;9059;962
25;2025-10-17;8663;849
25;2025-10-18;6811;728
25;2025-10-19;5489;630
25;2025-10-20;8453;1024
25;2025-10-21;8362;1041
25;2025-10-22;8744;901
25;2025-10-23;8324;918
25;2025-10-24;10903;1085
25;2025-10-25;6708;695
25;2025-10-26;5302;556
25;2025-10-27;8249;799
25;2025-10-28;8220;935
25;2025-10-29;9211;1102
25;2025-10-30;8642;837
25;2025-10-31;7704;802
26;2025-01-01;3987;422
26;2025-01-02;6263;603
26;2025-01-03;8000;710
26;2025-01-04;8235;709
26;2025-01-05;8026;682
26;2025-01-06;8092;665
26;2025-01-07;7455;606
26;2025-01-08;8214;714
26;2025-01-09;16751;1753
26;2025-01-10;16446;1635
26;2025-01-11;9961;877
26;2025-01-12;8943;874
26;2025-01-13;18257;1973
26;2025-01-14;18066;1839
26;2025-01-15;18810;1862
26;2025-01-16;18705;1847
26;2025-01-17;18498;1698
26;2025-01-18;12049;1108
26;2025-01-19;10686;1063
26;2025-01-20;18466;1782
26;2025-01-21;18978;1848
26;2025-01-22;15748;1577
26;2025-01-23;18696;1837
26;2025-01-24;19350;1873
26;2025-01-25;11854;1084
26;2025-01-26;8717;818
26;2025-01-27;17410;1678
26;2025-01-28;17540;1637
26;2025-01-29;17161;1728
26;2025-01-30;17854;1769
26;2025-01-31;17842;1727
26;2025-02-01;10164;864
26;2025-02-02;8906;892
26;2025-02-03;17302;1727
26;2025-02-04;17529;1767
26;2025-02-05;17724;1750
26;2025-02-06;18386;1828
26;2025-02-07;19099;1943
26;2025-02-08;11310;966
26;2025-02-09;9381;890
26;2025-02-10;19676;2041
26;2025-02-11;20636;2246
26;2025-02-12;20194;2159
26;2025-02-13;20243;2072
26;2025-02-14;18872;1848
26;2025-02-15;11978;1045
26;2025-02-16;9012;768
26;2025-02-17;20684;2080
26;2025-02-18;20611;2035
26;2025-02-19;20368;2124
26;2025-02-20;20626;2119
26;2025-02-21;19859;1904
26;2025-02-22;12867;1162
26;2025-02-23;9042;781
26;2025-02-24;19963;2131
26;2025-02-25;21339;2313
26;2025-02-26;21299;2204
26;2025-02-27;21585;2291
26;2025-02-28;20590;2143
26;2025-03-01;15009;1250
26;2025-03-02;11341;995
26;2025-03-03;20273;2170
26;2025-03-04;20193;2255
26;2025-03-05;21239;2294
26;2025-03-06;20856;2245
26;2025-03-07;20411;2039
26;2025-03-08;11361;1003
26;2025-03-09;10396;939
26;2025-03-10;21096;2218
26;2025-03-11;20250;2243
26;2025-03-12;21626;2340
26;2025-03-13;21481;2326
26;2025-03-14;18385;2174
26;2025-03-15;13525;1140
26;2025-03-16;11230;976
26;2025-03-17;20433;2300
26;2025-03-18;21710;2429
26;2025-03-19;21484;2282
26;2025-03-20;23297;2439
26;2025-03-21;21161;2213
26;2025-03-22;13336;1122
26;2025-03-23;10657;914
26;2025-03-24;21740;2259
26;2025-03-25;20911;2315
26;2025-03-26;21785;2248
26;2025-03-27;21664;2189
26;2025-03-28;21075;2050
26;2025-03-29;13849;1220
26;2025-03-30;11469;1064
26;2025-03-31;28121;3131
26;2025-04-01;31131;3656
26;2025-04-02;32205;3123
26;2025-04-03;28172;2976
26;2025-04-04;29979;2813
26;2025-04-05;19748;1786
26;2025-04-06;10955;992
26;2025-04-07;22597;2704
26;2025-04-08;22189;2423
26;2025-04-09;22332;2498
26;2025-04-10;22089;2449
26;2025-04-11;21153;2157
26;2025-04-12;13558;1157
26;2025-04-13;11108;991
26;2025-04-14;22053;2266
26;2025-04-15;22984;2303
26;2025-04-16;20811;2277
26;2025-04-17;22055;2265
26;2025-04-18;22590;2255
26;2025-04-19;15914;1678
26;2025-04-20;10796;957
26;2025-04-21;20640;1959
26;2025-04-22;21828;2181
26;2025-04-23;20988;2116
26;2025-04-24;19795;1907
26;2025-04-25;19016;2045
26;2025-04-26;12134;1005
26;2025-04-27;9716;888
26;2025-04-28;20313;2061
26;2025-04-29;21338;2175
26;2025-04-30;20269;2178
26;2025-05-01;7335;585
26;2025-05-02;8800;677
26;2025-05-03;9376;776
26;2025-05-04;9134;867
26;2025-05-05;17992;1794
26;2025-05-06;18973;1974
26;2025-05-07;18545;1923
26;2025-05-08;10162;793
26;2025-05-09;8139;699
26;2025-05-10;9551;885
26;2025-05-11;5870;462
26;2025-05-12;17153;1947
26;2025-05-13;18579;1709
26;2025-05-14;19923;1905
26;2025-05-15;19624;2066
26;2025-05-16;19687;1916
26;2025-05-17;12741;1105
26;2025-05-18;9282;822
26;2025-05-19;19201;1923
26;2025-05-20;19581;2078
26;2025-05-21;19617;1828
26;2025-05-22;20913;1999
26;2025-05-23;18661;1674
26;2025-05-24;12329;966
26;2025-05-25;10262;858
26;2025-05-26;20036;1840
26;2025-05-27;19664;1870
26;2025-05-28;19683;1790
26;2025-05-29;19651;1961
26;2025-05-30;18348;1767
26;2025-05-31;13949;1085
26;2025-06-01;11350;931
26;2025-06-02;18419;1831
26;2025-06-03;18992;1799
26;2025-06-04;17821;1665
26;2025-06-05;18117;1622
26;2025-06-06;18421;1701
26;2025-06-07;11849;978
26;2025-06-08;8614;809
26;2025-06-09;17519;1626
26;2025-06-10;17943;1604
26;2025-06-11;18457;1561
26;2025-06-12;8724;703
26;2025-06-13;8344;654
26;2025-06-14;7870;656
26;2025-06-15;8128;636
26;2025-06-16;17422;1573
26;2025-06-17;16827;1599
26;2025-06-18;15500;1523
26;2025-06-19;16487;1618
26;2025-06-20;15330;1452
26;2025-06-21;10720;822
26;2025-06-22;8485;679
26;2025-06-23;16691;1610
26;2025-06-24;16631;1709
26;2025-06-25;16459;1479
26;2025-06-26;17304;1703
26;2025-06-27;16040;1404
26;2025-06-28;10416;778
26;2025-06-29;8245;721
26;2025-06-30;15432;1582
26;2025-07-01;15843;1688
26;2025-07-02;14178;1375
26;2025-07-03;16427;1661
26;2025-07-04;14236;1340
26;2025-07-05;11171;987
26;2025-07-06;8701;707
26;2025-07-07;15341;1599
26;2025-07-08;14483;1417
26;2025-07-09;14681;1420
26;2025-07-10;14430;1373
26;2025-07-11;13819;1305
26;2025-07-12;8291;663
26;2025-07-13;7961;620
26;2025-07-14;14015;1303
26;2025-07-15;12968;1504
26;2025-07-16;15177;1490
26;2025-07-17;14890;1459
26;2025-07-18;14597;1324
26;2025-07-19;9345;748
26;2025-07-20;7728;642
26;2025-07-21;10851;1398
26;2025-07-22;14403;1547
26;2025-07-23;14559;1466
26;2025-07-24;14931;1607
26;2025-07-25;14823;1320
26;2025-07-26;9299;689
26;2025-07-27;8336;655
26;2025-07-28;14097;1443
26;2025-07-29;14735;1443
26;2025-07-30;15492;1626
26;2025-07-31;14019;1403
26;2025-08-01;12613;1220
26;2025-08-02;9952;813
26;2025-08-03;8288;652
26;2025-08-04;12434;1436
26;2025-08-05;14629;1504
26;2025-08-06;13034;1366
26;2025-08-07;14106;1447
26;2025-08-08;13806;1233
26;2025-08-09;8616;676
26;2025-08-10;8744;726
26;2025-08-11;13746;1432
26;2025-08-12;14178;1395
26;2025-08-13;14818;1474
26;2025-08-14;15960;1543
26;2025-08-15;13411;1470
26;2025-08-16;9463;742
26;2025-08-17;8579;691
26;2025-08-18;14845;1478
26;2025-08-19;15135;1397
26;2025-08-20;14612;1497
26;2025-08-21;14723;1520
26;2025-08-22;13409;1199
26;2025-08-23;8898;737
26;2025-08-24;8957;725
26;2025-08-25;15091;1473
26;2025-08-26;15307;1505
26;2025-08-27;15662;1521
26;2025-08-28;18262;1726
26;2025-08-29;15332;1344
26;2025-08-30;11598;980
26;2025-08-31;10219;891
26;2025-09-01;18673;1800
26;2025-09-02;21199;2331
26;2025-09-03;18875;2196
26;2025-09-04;20105;2248
26;2025-09-05;19950;2127
26;2025-09-06;12670;1020
26;2025-09-07;10076;835
26;2025-09-08;19951;2037
26;2025-09-09;19863;2223
26;2025-09-10;19808;2186
26;2025-09-11;20413;2403
26;2025-09-12;18187;1985
26;2025-09-13;12572;1008
26;2025-09-14;9828;847
26;2025-09-15;18809;2028
26;2025-09-16;19271;1867
26;2025-09-17;19715;2202
26;2025-09-18;20232;2448
26;2025-09-19;20042;2320
26;2025-09-20;11887;941
26;2025-09-21;10261;958
26;2025-09-22;20112;2166
26;2025-09-23;20380;2247
26;2025-09-24;19798;2284
26;2025-09-25;18989;2090
26;2025-09-26;19558;1758
26;2025-09-27;13488;1103
26;2025-09-28;11196;962
26;2025-09-29;20013;2086
26;2025-09-30;21270;2236
26;2025-10-01;20960;2169
26;2025-10-02;20215;2059
26;2025-10-03;19925;2095
26;2025-10-04;13231;1145
26;2025-10-05;9696;877
26;2025-10-06;20151;2199
26;2025-10-07;20716;2232
26;2025-10-08;22979;2389
26;2025-10-09;19580;2103
26;2025-10-10;20056;2208
26;2025-10-11;12331;1065
26;2025-10-12;10367;974
26;2025-10-13;19465;2266
26;2025-10-14;23402;2741
26;2025-10-15;20719;2468
26;2025-10-16;20090;2341
26;2025-10-17;20954;2339
26;2025-10-18;12749;1111
26;2025-10-19;9250;882
26;2025-10-20;19966;2273
26;2025-10-21;19990;2225
26;2025-10-22;20515;2258
26;2025-10-23;21482;2185
26;2025-10-24;19364;2230
26;2025-10-25;13121;1108
26;2025-10-26;9730;878
26;2025-10-27;20497;2103
26;2025-10-28;20389;2213
26;2025-10-29;21087;2233
26;2025-10-30;21315;2304
26;2025-10-31;18481;2076
28;2025-01-01;2413;262
28;2025-01-02;3571;336
28;2025-01-03;4760;427
28;2025-01-04;4966;540
28;2025-01-05;5727;574
28;2025-01-06;5599;562
28;2025-01-07;5418;464
28;2025-01-08;4612;415
28;2025-01-09;9323;1062
28;2025-01-10;9371;1063
28;2025-01-11;6059;595
28;2025-01-12;4926;431
28;2025-01-13;11813;1296
28;2025-01-14;12096;1285
28;2025-01-15;13025;1459
28;2025-01-16;11678;1160
28;2025-01-17;11764;1332
28;2025-01-18;6788;641
28;2025-01-19;6094;600
28;2025-01-20;10820;1169
28;2025-01-21;10891;1343
28;2025-01-22;10639;1202
28;2025-01-23;12263;1321
28;2025-01-24;10189;1037
28;2025-01-25;6695;633
28;2025-01-26;5382;530
28;2025-01-27;12355;1184
28;2025-01-28;11739;1143
28;2025-01-29;10744;1204
28;2025-01-30;12654;1382
28;2025-01-31;10950;1096
28;2025-02-01;6535;555
28;2025-02-02;5509;517
28;2025-02-03;11359;1086
28;2025-02-04;12257;1346
28;2025-02-05;11393;1244
28;2025-02-06;10400;1008
28;2025-02-07;10018;1097
28;2025-02-08;6537;574
28;2025-02-09;5439;505
28;2025-02-10;12155;1179
28;2025-02-11;11623;1312
28;2025-02-12;12459;1613
28;2025-02-13;12280;1372
28;2025-02-14;11679;1083
28;2025-02-15;7388;684
28;2025-02-16;5905;521
28;2025-02-17;11791;1128
28;2025-02-18;10026;1124
28;2025-02-19;11192;1125
28;2025-02-20;11732;1110
28;2025-02-21;11014;988
28;2025-02-22;8030;732
28;2025-02-23;5817;630
28;2025-02-24;11114;1073
28;2025-02-25;11600;1218
28;2025-02-26;11409;1176
28;2025-02-27;10930;1149
28;2025-02-28;11561;1336
28;2025-03-01;7274;731
28;2025-03-02;4895;469
28;2025-03-03;10495;1147
28;2025-03-04;10531;1268
28;2025-03-05;11673;1115
28;2025-03-06;11732;1347
28;2025-03-07;12022;1186
28;2025-03-08;6667;651
28;2025-03-09;5942;589
28;2025-03-10;9928;1106
28;2025-03-11;11076;1010
28;2025-03-12;10337;1147
28;2025-03-13;11938;1330
28;2025-03-14;10920;1161
28;2025-03-15;7469;637
28;2025-03-16;6245;553
28;2025-03-17;11377;1082
28;2025-03-18;11884;1142
28;2025-03-19;10904;1266
28;2025-03-20;10367;1298
28;2025-03-21;11521;1267
28;2025-03-22;7501;608
28;2025-03-23;6239;594
28;2025-03-24;11324;1280
28;2025-03-25;11630;1397
28;2025-03-26;11138;1051
28;2025-03-27;12666;1399
28;2025-03-28;11698;1145
28;2025-03-29;7486;709
28;2025-03-30;6034;541
28;2025-03-31;12916;1277
28;2025-04-01;13667;1445
28;2025-04-02;14590;1744
28;2025-04-03;14589;1470
28;2025-04-04;15738;1783
28;2025-04-05;8767;836
28;2025-04-06;6010;579
28;2025-04-07;11236;1228
28;2025-04-08;12099;1106
28;2025-04-09;12657;1213
28;2025-04-10;12352;1087
28;2025-04-11;11053;1113
28;2025-04-12;7049;618
28;2025-04-13;6086;612
28;2025-04-14;11260;1204
28;2025-04-15;11236;1116
28;2025-04-16;12747;1338
28;2025-04-17;11320;1062
28;2025-04-18;11791;1086
28;2025-04-19;8166;672
28;2025-04-20;6151;531
28;2025-04-21;12095;1248
28;2025-04-22;11261;1033
28;2025-04-23;11562;1198
28;2025-04-24;12559;1354
28;2025-04-25;10486;1226
28;2025-04-26;7524;714
28;2025-04-27;5404;434
28;2025-04-28;11649;1369
28;2025-04-29;12173;1232
28;2025-04-30;11862;1122
28;2025-05-01;4051;359
28;2025-05-02;5190;500
28;2025-05-03;6219;546
28;2025-05-04;4540;445
28;2025-05-05;9625;1070
28;2025-05-06;10476;932
28;2025-05-07;10090;867
28;2025-05-08;5568;442
28;2025-05-09;4579;362
28;2025-05-10;5530;487
28;2025-05-11;4954;441
28;2025-05-12;10518;1164
28;2025-05-13;12384;1154
28;2025-05-14;11168;1039
28;2025-05-15;14026;1296
28;2025-05-16;9496;997
28;2025-05-17;8550;811
28;2025-05-18;6861;587
28;2025-05-19;12096;1230
28;2025-05-20;10836;1136
28;2025-05-21;13589;1376
28;2025-05-22;10961;1049
28;2025-05-23;13454;1314
28;2025-05-24;6996;582
28;2025-05-25;7263;665
28;2025-05-26;10648;974
28;2025-05-27;12232;1169
28;2025-05-28;11941;1219
28;2025-05-29;10614;1117
28;2025-05-30;11264;1042
28;2025-05-31;6958;595
28;2025-06-01;6708;586
28;2025-06-02;11170;954
28;2025-06-03;10984;1352
28;2025-06-04;13680;1237
28;2025-06-05;10429;923
28;2025-06-06;10649;897
28;2025-06-07;6571;574
28;2025-06-08;5134;441
28;2025-06-09;10640;1011
28;2025-06-10;8950;972
28;2025-06-11;8846;754
28;2025-06-12;5483;458
28;2025-06-13;4194;337
28;2025-06-14;4767;440
28;2025-06-15;4863;480
28;2025-06-16;9984;974
28;2025-06-17;9901;963
28;2025-06-18;9449;995
28;2025-06-19;9232;872
28;2025-06-20;8603;871
28;2025-06-21;5630;458
28;2025-06-22;5062;419
28;2025-06-23;9703;887
28;2025-06-24;9236;770
28;2025-06-25;9631;916
28;2025-06-26;9984;908
28;2025-06-27;10287;875
28;2025-06-28;6732;585
28;2025-06-29;4701;394
28;2025-06-30;11347;1088
28;2025-07-01;10799;987
28;2025-07-02;9207;891
28;2025-07-03;10007;837
28;2025-07-04;9062;823
28;2025-07-05;5762;504
28;2025-07-06;5158;434
28;2025-07-07;8065;793
28;2025-07-08;9357;840
28;2025-07-09;8313;787
28;2025-07-10;7564;894
28;2025-07-11;7930;827
28;2025-07-12;6178;505
28;2025-07-13;4836;421
28;2025-07-14;7482;952
28;2025-07-15;8707;977
28;2025-07-16;7678;765
28;2025-07-17;9095;836
28;2025-07-18;8870;843
28;2025-07-19;5477;435
28;2025-07-20;4713;409
28;2025-07-21;6176;582
28;2025-07-22;7403;789
28;2025-07-23;7655;702
28;2025-07-24;8160;730
28;2025-07-25;7061;659
28;2025-07-26;5597;451
28;2025-07-27;5459;478
28;2025-07-28;8186;896
28;2025-07-29;9072;795
28;2025-07-30;7521;802
28;2025-07-31;7679;758
28;2025-08-01;7981;807
28;2025-08-02;4645;420
28;2025-08-03;5087;428
28;2025-08-04;7571;746
28;2025-08-05;8137;795
28;2025-08-06;8767;813
28;2025-08-07;7749;760
28;2025-08-08;7671;721
28;2025-08-09;4478;399
28;2025-08-10;4969;458
28;2025-08-11;7869;701
28;2025-08-12;7475;648
28;2025-08-13;7947;752
28;2025-08-14;7169;696
28;2025-08-15;7896;659
28;2025-08-16;5556;453
28;2025-08-17;5361;492
28;2025-08-18;8285;919
28;2025-08-19;8372;817
28;2025-08-20;7931;810
28;2025-08-21;8915;839
28;2025-08-22;9409;824
28;2025-08-23;5028;389
28;2025-08-24;4571;431
28;2025-08-25;8615;942
28;2025-08-26;8862;814
28;2025-08-27;9275;931
28;2025-08-28;10644;943
28;2025-08-29;9821;812
28;2025-08-30;7144;638
28;2025-08-31;6991;699
28;2025-09-01;9932;1038
28;2025-09-02;10577;1084
28;2025-09-03;10836;1044
28;2025-09-04;11554;1248
28;2025-09-05;11059;1120
28;2025-09-06;6611;559
28;2025-09-07;5395;581
28;2025-09-08;11296;1254
28;2025-09-09;11614;1133
28;2025-09-10;11856;1215
28;2025-09-11;10999;1258
28;2025-09-12;10708;1121
28;2025-09-13;8005;701
28;2025-09-14;5859;533
28;2025-09-15;11054;1161
28;2025-09-16;11877;1486
28;2025-09-17;10482;1175
28;2025-09-18;11445;1247
28;2025-09-19;9277;1000
28;2025-09-20;6491;590
28;2025-09-21;5587;508
28;2025-09-22;6295;553
28;2025-09-23;6041;533
28;2025-09-24;6719;593
28;2025-09-25;11001;1324
28;2025-09-26;9742;1165
28;2025-09-27;6623;537
28;2025-09-28;6071;521
28;2025-09-29;10771;1266
28;2025-09-30;11419;1420
28;2025-10-01;12040;1542
28;2025-10-02;12161;1251
28;2025-10-03;11154;1063
28;2025-10-04;7061;568
28;2025-10-05;5547;496
28;2025-10-06;11063;1283
28;2025-10-07;12053;1381
28;2025-10-08;11732;1137
28;2025-10-09;12775;1441
28;2025-10-10;11828;1110
28;2025-10-11;7504;702
28;2025-10-12;6194;608
28;2025-10-13;10691;1145
28;2025-10-14;11431;1418
28;2025-10-15;12968;1414
28;2025-10-16;12495;1408
28;2025-10-17;12063;1345
28;2025-10-18;7075;657
28;2025-10-19;6437;650
28;2025-10-20;12047;1355
28;2025-10-21;10617;1370
28;2025-10-22;11966;1208
28;2025-10-23;12574;1227
28;2025-10-24;13223;1582
28;2025-10-25;7701;775
28;2025-10-26;6140;519
28;2025-10-27;10807;1211
28;2025-10-28;11831;1215
28;2025-10-29;12493;1305
28;2025-10-30;10449;1219
28;2025-10-31;10848;1225
50;2025-01-01;3606;359
50;2025-01-02;7651;665
50;2025-01-03;8146;743
50;2025-01-04;9463;934
50;2025-01-05;8082;735
50;2025-01-06;9170;772
50;2025-01-07;7466;606
50;2025-01-08;7879;688
50;2025-01-09;24380;2522
50;2025-01-10;22865;2556
50;2025-01-11;9376;876
50;2025-01-12;9371;854
50;2025-01-13;19743;2215
50;2025-01-14;26657;2692
50;2025-01-15;26879;2864
50;2025-01-16;25795;2641
50;2025-01-17;24871;2693
50;2025-01-18;11203;1068
50;2025-01-19;10098;1037
50;2025-01-20;26304;2723
50;2025-01-21;27102;3074
50;2025-01-22;25948;2876
50;2025-01-23;27036;2670
50;2025-01-24;26853;2791
50;2025-01-25;10482;919
50;2025-01-26;9538;948
50;2025-01-27;25768;2570
50;2025-01-28;27943;3106
50;2025-01-29;26705;2761
50;2025-01-30;26507;2885
50;2025-01-31;24494;2576
50;2025-02-01;10576;895
50;2025-02-02;9011;820
50;2025-02-03;25622;2630
50;2025-02-04;24793;2560
50;2025-02-05;27215;2753
50;2025-02-06;24591;2569
50;2025-02-07;24320;2636
50;2025-02-08;9953;871
50;2025-02-09;9002;779
50;2025-02-10;24658;2859
50;2025-02-11;30183;3061
50;2025-02-12;27607;2949
50;2025-02-13;26568;2646
50;2025-02-14;26694;2893
50;2025-02-15;11819;997
50;2025-02-16;7362;716
50;2025-02-17;27617;2874
50;2025-02-18;28731;2964
50;2025-02-19;24378;2499
50;2025-02-20;26709;2657
50;2025-02-21;29819;2919
50;2025-02-22;12140;992
50;2025-02-23;9685;965
50;2025-02-24;26369;2715
50;2025-02-25;26623;2780
50;2025-02-26;29371;3020
50;2025-02-27;30126;3174
50;2025-02-28;25123;2504
50;2025-03-01;11854;1109
50;2025-03-02;10028;902
50;2025-03-03;27854;2784
50;2025-03-04;28293;2874
50;2025-03-05;28722;2795
50;2025-03-06;28057;2810
50;2025-03-07;26282;2379
50;2025-03-08;9507;880
50;2025-03-09;9644;925
50;2025-03-10;27216;2877
50;2025-03-11;29264;3038
50;2025-03-12;27946;2820
50;2025-03-13;28079;2893
50;2025-03-14;26686;2756
50;2025-03-15;11762;1024
50;2025-03-16;9506;854
50;2025-03-17;27689;2923
50;2025-03-18;28231;2684
50;2025-03-19;29215;2966
50;2025-03-20;28060;2787
50;2025-03-21;27519;2547
50;2025-03-22;11705;1161
50;2025-03-23;9521;848
50;2025-03-24;26812;2648
50;2025-03-25;28598;3070
50;2025-03-26;27337;2903
50;2025-03-27;29371;3016
50;2025-03-28;25163;2320
50;2025-03-29;10794;885
50;2025-03-30;8498;827
50;2025-03-31;25539;2972
50;2025-04-01;25800;2777
50;2025-04-02;24070;2233
50;2025-04-03;22872;2148
50;2025-04-04;26346;2742
50;2025-04-05;13881;1196
50;2025-04-06;10311;1129
50;2025-04-07;26320;2578
50;2025-04-08;26205;2783
50;2025-04-09;28264;2986
50;2025-04-10;29010;2936
50;2025-04-11;26771;2614
50;2025-04-12;12459;1089
50;2025-04-13;10133;866
50;2025-04-14;27856;2918
50;2025-04-15;27273;2736
50;2025-04-16;23697;2836
50;2025-04-17;26021;2849
50;2025-04-18;25179;2659
50;2025-04-19;12686;1113
50;2025-04-20;10222;809
50;2025-04-21;26682;2803
50;2025-04-22;28324;2993
50;2025-04-23;28316;2786
50;2025-04-24;28077;2968
50;2025-04-25;26046;2577
50;2025-04-26;12213;983
50;2025-04-27;9055;786
50;2025-04-28;26145;2468
50;2025-04-29;26264;2923
50;2025-04-30;25521;2814
50;2025-05-01;7270;585
50;2025-05-02;9115;850
50;2025-05-03;9923;798
50;2025-05-04;9098;841
50;2025-05-05;23313;2413
50;2025-05-06;24707;2505
50;2025-05-07;24226;2645
50;2025-05-08;9267;784
50;2025-05-09;8021;816
50;2025-05-10;8106;690
50;2025-05-11;10112;869
50;2025-05-12;26087;2885
50;2025-05-13;28033;2886
50;2025-05-14;24507;2625
50;2025-05-15;26210;2931
50;2025-05-16;25539;2765
50;2025-05-17;11930;950
50;2025-05-18;9394;828
50;2025-05-19;26233;2817
50;2025-05-20;25644;2719
50;2025-05-21;29444;2848
50;2025-05-22;27320;2616
50;2025-05-23;25117;2636
50;2025-05-24;11137;825
50;2025-05-25;9904;767
50;2025-05-26;25841;2366
50;2025-05-27;26325;2596
50;2025-05-28;25241;2467
50;2025-05-29;27707;2610
50;2025-05-30;23968;2279
50;2025-05-31;10074;853
50;2025-06-01;8736;703
50;2025-06-02;25009;2437
50;2025-06-03;24816;2427
50;2025-06-04;24161;2363
50;2025-06-05;21867;2425
50;2025-06-06;20309;1818
50;2025-06-07;10138;795
50;2025-06-08;6522;717
50;2025-06-09;21781;2579
50;2025-06-10;23780;2338
50;2025-06-11;23014;2058
50;2025-06-12;9441;727
50;2025-06-13;8927;740
50;2025-06-14;7634;582
50;2025-06-15;8336;702
50;2025-06-16;22664;2232
50;2025-06-17;23669;2732
50;2025-06-18;23241;2460
50;2025-06-19;22667;2615
50;2025-06-20;21115;2614
50;2025-06-21;10079;738
50;2025-06-22;8221;670
50;2025-06-23;22155;2478
50;2025-06-24;22945;2422
50;2025-06-25;22203;2491
50;2025-06-26;23065;2335
50;2025-06-27;21374;2253
50;2025-06-28;9774;782
50;2025-06-29;7909;669
50;2025-06-30;21858;2362
50;2025-07-01;21535;2388
50;2025-07-02;22886;2313
50;2025-07-03;22964;2127
50;2025-07-04;21004;2039
50;2025-07-05;9451;722
50;2025-07-06;9503;790
50;2025-07-07;20686;2149
50;2025-07-08;21166;2124
50;2025-07-09;20348;2174
50;2025-07-10;27506;2998
50;2025-07-11;24188;2533
50;2025-07-12;15827;1119
50;2025-07-13;14112;1117
50;2025-07-14;27275;3048
50;2025-07-15;24500;2931
50;2025-07-16;28336;3204
50;2025-07-17;28367;2997
50;2025-07-18;27999;3040
50;2025-07-19;15882;1227
50;2025-07-20;14012;1136
50;2025-07-21;25942;2774
50;2025-07-22;28239;2909
50;2025-07-23;27807;2984
50;2025-07-24;26344;2930
50;2025-07-25;26923;3161
50;2025-07-26;16524;1173
50;2025-07-27;14666;1129
50;2025-07-28;26950;2920
50;2025-07-29;26478;2817
50;2025-07-30;26373;2709
50;2025-07-31;26299;2805
50;2025-08-01;25694;2762
50;2025-08-02;16183;1251
50;2025-08-03;14780;1185
50;2025-08-04;24668;2694
50;2025-08-05;24123;2490
50;2025-08-06;26080;2665
50;2025-08-07;27221;3044
50;2025-08-08;25939;2684
50;2025-08-09;16146;1148
50;2025-08-10;14509;1200
50;2025-08-11;14702;1658
50;2025-08-12;16773;1873
50;2025-08-13;16534;1672
50;2025-08-14;16507;1854
50;2025-08-15;13928;1606
50;2025-08-16;7910;624
50;2025-08-17;7091;571
50;2025-08-18;17770;1852
50;2025-08-19;18033;2140
50;2025-08-20;17973;1833
50;2025-08-21;19902;2048
50;2025-08-22;18094;1791
50;2025-08-23;8521;670
50;2025-08-24;8262;706
50;2025-08-25;18946;2081
50;2025-08-26;16428;2042
50;2025-08-27;21642;1929
50;2025-08-28;21051;2073
50;2025-08-29;19397;2139
50;2025-08-30;9414;807
50;2025-08-31;8476;739
50;2025-09-01;22754;2377
50;2025-09-02;23713;2612
50;2025-09-03;23486;2470
50;2025-09-04;23493;2558
50;2025-09-05;24878;2592
50;2025-09-06;86;49
50;2025-09-07;20;13
50;2025-09-08;24070;2861
50;2025-09-09;24473;2795
50;2025-09-10;24012;2591
50;2025-09-11;24570;2636
50;2025-09-12;25554;2604
50;2025-09-13;2736;639
50;2025-09-14;15;15
50;2025-09-15;25169;2510
50;2025-09-16;25964;2881
50;2025-09-17;22566;2114
50;2025-09-18;23868;2659
50;2025-09-19;21977;2344
50;2025-09-20;304;36
50;2025-09-21;0;0
50;2025-09-22;24136;2578
50;2025-09-23;23654;2677
50;2025-09-24;24463;2539
50;2025-09-25;24464;2550
50;2025-09-26;25076;2579
50;2025-09-27;20;20
50;2025-09-28;206;31
50;2025-09-29;25329;2864
50;2025-09-30;25223;2952
50;2025-10-01;39898;4276
50;2025-10-02;26332;2710
50;2025-10-03;25830;2930
50;2025-10-04;184;54
50;2025-10-05;85;16
50;2025-10-06;25367;2712
50;2025-10-07;27268;3050
50;2025-10-08;23651;2170
50;2025-10-09;24223;2407
50;2025-10-10;26610;2724
50;2025-10-11;718;92
50;2025-10-12;8;8
50;2025-10-13;26344;2768
50;2025-10-14;26233;2983
50;2025-10-15;28517;3200
50;2025-10-16;24739;2664
50;2025-10-17;25917;2643
50;2025-10-18;1784;246
50;2025-10-19;2560;346
50;2025-10-20;23934;2727
50;2025-10-21;26629;2814
50;2025-10-22;27002;2922
50;2025-10-23;27677;3200
50;2025-10-24;25097;2863
50;2025-10-25;88;44
50;2025-10-26;1015;199
50;2025-10-27;27049;3006
50;2025-10-28;28966;2637
50;2025-10-29;26244;2864
50;2025-10-30;27066;2722
50;2025-10-31;24146;2857
