route;date;hour;boardings;dow;median;mad;robust_deviation
17;2025-04-27;8;7;6;1149.0;27.0;28.52846101193599
17;2025-04-13;8;83;6;1149.0;27.0;26.629894429705573
17;2025-04-06;8;441;6;1149.0;27.0;17.68664658183072
26;2025-04-16;4;161;2;3.0;3.0;15.8
50;2025-08-09;5;180;5;33.0;4.0;14.7
25;2025-04-02;10;934;2;303.0;31.0;13.729150620313922
17;2025-04-27;6;2;6;400.0;20.0;13.422366113584244
50;2025-07-26;5;167;5;33.0;4.0;13.4
17;2025-04-27;7;3;6;733.0;38.0;12.95732248468196
26;2025-04-08;3;127;1;0.0;0.0;12.7
50;2025-07-19;5;160;5;33.0;4.0;12.7
17;2025-04-13;6;33;6;400.0;20.0;12.376905436395523
17;2025-04-26;7;20;5;1096.0;60.0;12.095867619946942
17;2025-01-01;6;137;2;1445.0;73.0;12.085396073909404
17;2025-04-13;7;57;6;733.0;38.0;11.998835615952062
25;2025-10-27;6;282;0;142.5;8.0;11.76143261837313
25;2025-04-02;6;452;2;140.0;18.0;11.691173164260984
17;2025-01-01;9;229;2;3574.0;194.0;11.629750466233046
50;2025-08-10;23;341;6;117.0;13.0;11.621994624827487
25;2025-04-05;6;198;5;44.0;9.0;11.54128632882174
11;2025-01-01;6;103;2;1321.0;73.0;11.253832123869767
25;2025-10-20;6;275;0;142.5;8.0;11.171253203831109
17;2025-01-01;12;950;2;2901.0;118.0;11.1519616249054
17;2025-04-12;7;105;5;1096.0;60.0;11.140339044021765
17;2025-01-01;10;353;2;2816.0;151.0;11.001792984045391
17;2025-01-01;5;0;2;312.0;20.0;10.522055847834885
1;2025-04-08;3;103;1;0.0;0.0;10.3
17;2025-01-01;11;620;2;2808.0;144.0;10.248512373158267
17;2025-04-27;9;18;6;1516.0;100.0;10.103871576959396
25;2025-10-24;6;334;4;140.0;13.0;10.065477487573807
1;2025-01-01;9;53;2;1407.0;92.0;9.926744438383805
17;2025-04-26;20;19;5;1900.0;128.0;9.911852488870903
11;2025-01-06;6;508;0;1327.5;56.0;9.870449596269102
25;2025-10-26;6;139;6;38.0;7.0;9.731938101019445
1;2025-01-01;10;68;2;1240.0;82.0;9.640282562275239
11;2025-01-07;1;97;1;1.0;1.0;9.6
50;2025-07-12;5;129;5;33.0;4.0;9.6
11;2025-01-07;6;418;1;1339.5;65.5;9.489209692483701
17;2025-01-08;6;419;2;1445.0;73.0;9.479829030451873
17;2025-04-13;9;117;6;1516.0;100.0;9.436125725077567
50;2025-07-19;6;591;5;173.0;30.0;9.39790458204056
25;2025-01-06;6;32;0;142.5;8.0;9.316403615270472
25;2025-10-18;6;168;5;44.0;9.0;9.29298379723309
17;2025-01-07;7;679;1;3838.5;231.5;9.205414922532624
12;2025-01-02;20;561;3;1646.0;80.0;9.147780925401323
25;2025-10-13;6;251;0;142.5;8.0;9.147780925401323
50;2025-01-01;6;29;2;552.0;39.0;9.045094030929725
50;2025-08-04;5;169;0;68.5;7.5;9.038176176986376
17;2025-04-27;18;35;6;2425.0;179.0;9.005770475693087
50;2025-08-02;5;123;5;33.0;4.0;9.0
1;2025-04-06;0;90;6;0.0;0.0;9.0
1;2025-04-05;0;96;5;6.0;5.0;9.0
17;2025-01-07;9;1207;1;3728.5;189.0;8.998563227620291
26;2025-06-01;21;536;6;284.0;19.0;8.945877441479052
25;2025-05-09;23;96;4;7.0;4.0;8.9
12;2025-01-01;19;637;2;2495.0;141.0;8.887970433386624
17;2025-04-26;9;31;5;1871.0;140.0;8.864735695978109
17;2025-01-07;8;981;1;5159.5;320.0;8.807373870227979
25;2025-04-02;15;1156;2;424.0;57.0;8.661881332225748
17;2025-04-27;10;19;6;1750.0;136.0;8.584878710691076
12;2025-01-07;9;700;1;2477.5;142.0;8.443009330772169
25;2025-04-04;6;302;4;140.0;13.0;8.40519254116988
28;2025-01-01;5;0;2;84.0;6.0;8.4
17;2025-01-07;6;354;1;1469.5;90.0;8.359938246623798
25;2025-04-04;23;90;4;7.0;4.0;8.3
17;2025-01-02;6;278;3;1430.0;94.0;8.266099520394018
17;2025-04-12;20;332;5;1900.0;128.0;8.262511803588291
17;2025-04-06;18;233;6;2425.0;179.0;8.259685724987131
25;2025-10-12;6;123;6;38.0;7.0;8.190244936501513
1;2025-01-01;12;144;2;1281.0;94.0;8.158468016222221
17;2025-04-12;9;181;5;1871.0;140.0;8.142067025110327
11;2025-01-02;6;425;3;1339.0;76.0;8.111638870547473
26;2025-01-01;6;41;2;498.0;38.0;8.111638870547473
17;2025-05-01;19;1505;3;3438.0;161.0;8.098078497318376
17;2025-01-06;7;850;0;3724.0;239.5;8.093889113719142
11;2025-01-07;19;983;1;2336.5;113.0;8.07896675178382
1;2025-01-01;18;126;2;1671.0;129.0;8.078203282103408
17;2025-04-26;19;31;5;2325.0;192.0;8.05875938666307
17;2025-10-06;19;1544;0;3432.0;158.5;8.034312642850548
17;2025-01-06;6;414;0;1429.5;85.5;8.011056915186929
