ngpt_route;validation_result;rows;vehicles;devices;places
25 трамвай;1;1988187;128;853;5
17 трамвай;40;7360;128;841;4
17 трамвай;23;2661;128;742;4
17 трамвай;32;1590;128;636;4
26 трамвай;50;996;127;513;2
26 трамвай;33;33537;132;847;4
26 трамвай;10;32183;132;847;4
26 трамвай;61;2923;130;732;4
1 трамвай;33;34963;134;858;5
1 трамвай;10;29754;134;858;4
1 трамвай;50;1433;132;602;4
1 трамвай;70;2017;128;554;3
1 трамвай;61;1954;132;664;4
12 трамвай;31;66214;130;812;4
12 трамвай;60;1120;122;453;3
50 трамвай;61;2686;179;776;4
50 трамвай;33;37144;237;1410;4
50 трамвай;10;34227;237;1393;4
50 трамвай;50;1628;189;688;4
28 трамвай;31;18202;108;580;2
11 трамвай;1;8942570;200;1293;5
11 трамвай;80;375;136;277;3
11 трамвай;20;433;146;338;4
7 трамвай;1;6493818;129;859;4
7 трамвай;80;225;92;163;3
26 трамвай;90;109982;132;848;4
1 трамвай;90;103724;134;859;4
50 трамвай;90;133043;237;1442;4
26 трамвай;70;1287;120;446;3
50 трамвай;70;2723;150;601;4
28 трамвай;60;415;81;209;1
7 трамвай;20;329;111;244;3
25 трамвай;20;85;61;80;2
25 трамвай;80;134;58;89;3
12 трамвай;30;7;7;7;1
17 трамвай;41;6;4;5;1
25 трамвай;40;2029;126;703;4
25 трамвай;23;334;108;242;1
17 трамвай;1;14099563;128;853;5
17 трамвай;20;820;126;453;3
17 трамвай;80;631;117;324;2
26 трамвай;31;33354;132;847;4
1 трамвай;31;34298;134;855;5
1 трамвай;60;558;121;280;1
12 трамвай;10;57978;131;812;4
12 трамвай;33;67624;130;813;4
12 трамвай;61;5095;128;766;4
12 трамвай;50;2816;125;706;4
12 трамвай;70;5244;123;684;3
50 трамвай;31;32873;236;1397;4
50 трамвай;60;705;131;368;4
28 трамвай;33;24847;108;584;1
28 трамвай;10;27209;109;583;3
28 трамвай;50;1005;98;390;1
28 трамвай;61;1259;94;388;1
11 трамвай;40;4325;188;1026;4
11 трамвай;23;1669;171;725;4
11 трамвай;32;1042;165;563;4
7 трамвай;23;1417;128;618;4
7 трамвай;40;3430;128;808;4
7 трамвай;32;884;128;482;4
12 трамвай;90;208435;131;821;4
28 трамвай;90;96553;108;590;2
26 трамвай;60;401;108;247;3
28 трамвай;70;1921;95;365;1
25 трамвай;32;294;108;197;1
50 трамвай;30;5;5;5;2
11 трамвай;41;1;1;1;1
25 трамвай;41;1;1;1;1
7 трамвай;41;5;5;5;1
5 трамвай;30;1;0;1;1
1 трамвай;30;5;3;5;1
26 трамвай;30;3;3;3;1
25 трамвай;33;13871;128;847;4
25 трамвай;50;437;115;274;3
25 трамвай;10;14873;128;844;4
25 трамвай;61;1172;125;507;3
25 трамвай;70;639;93;276;1
17 трамвай;31;98156;128;852;4
17 трамвай;60;1747;128;591;4
26 трамвай;1;4879704;132;848;4
26 трамвай;20;203;102;172;3
1 трамвай;1;5122042;134;859;5
1 трамвай;80;155;75;121;2
12 трамвай;40;4543;127;759;4
12 трамвай;32;1096;123;517;3
12 трамвай;23;1956;126;662;3
50 трамвай;1;6027350;237;1473;5
50 трамвай;80;178;93;138;4
50 трамвай;20;253;116;208;4
28 трамвай;40;2050;105;484;1
28 трамвай;23;707;92;320;1
11 трамвай;10;59743;198;1253;4
11 трамвай;33;65912;199;1253;4
11 трамвай;50;2696;184;894;4
11 трамвай;61;3953;190;986;4
11 трамвай;70;5276;157;794;3
7 трамвай;10;34990;129;856;4
7 трамвай;33;49043;129;853;4
7 трамвай;50;1704;128;662;4
7 трамвай;61;2714;129;739;4
7 трамвай;70;2855;122;634;4
25 трамвай;90;56364;128;852;4
11 трамвай;90;201871;200;1276;4
7 трамвай;90;133807;129;854;4
1 трамвай;20;230;102;189;2
28 трамвай;32;263;84;183;1
26 трамвай;80;210;86;150;1
17 трамвай;30;30;21;23;1
12 трамвай;41;2;1;1;1
28 трамвай;41;1;1;1;1
25 трамвай;31;12919;128;846;4
17 трамвай;50;5056;128;823;4
17 трамвай;61;6602;128;830;4
17 трамвай;10;90838;128;852;4
17 трамвай;33;114780;128;852;4
17 трамвай;70;10429;128;794;3
26 трамвай;40;2602;132;744;3
26 трамвай;23;831;131;453;3
1 трамвай;40;2159;132;707;3
1 трамвай;32;369;112;262;2
1 трамвай;23;924;130;495;3
12 трамвай;1;9339264;131;824;4
12 трамвай;20;423;118;304;3
50 трамвай;40;4460;208;928;4
50 трамвай;23;1047;178;561;4
50 трамвай;32;733;166;449;4
28 трамвай;1;2775255;109;612;3
28 трамвай;80;197;70;146;1
11 трамвай;31;63854;198;1263;4
7 трамвай;31;45268;129;852;4
7 трамвай;60;678;118;344;1
17 трамвай;90;360862;128;852;4
26 трамвай;32;651;126;388;2
12 трамвай;80;366;107;247;3
11 трамвай;60;1154;159;507;4
25 трамвай;60;238;84;144;3
28 трамвай;20;118;55;98;1
11 трамвай;30;15;10;12;2
1 трамвай;41;3;3;3;1
50 трамвай;41;3;3;3;2
26 трамвай;41;2;2;2;1
7 трамвай;30;20;6;7;1
25 трамвай;30;12;12;12;2
