route;supplied_hours;grid_hours;absent_hours;zero_days;max_hour;p99_hour;median_day;max_day;anomaly_candidates
1;6204;7296;1092;0;2645;1976.1000000000004;19129.5;27083;7
7;6600;7296;696;0;5055;2846.0;23799.5;50676;0
11;6416;7296;880;0;3944;3357.05;31419.0;42500;6
12;6629;7296;667;0;4340;3643.250000000001;34516.5;42083;3
17;6677;7296;619;0;5827;5271.150000000001;50689.0;59718;35
25;5904;7296;1392;0;1626;907.0500000000002;6670.0;14219;15
26;6592;7296;704;0;3656;2193.1500000000005;16990.0;32205;4
28;6116;7296;1180;0;1783;1215.0;9628.0;15738;1
50;6413;7296;883;1;4276;2859.0;23990.0;39898;9
